{
    "music_disc.springday": {
        "sounds": [
            {
                "name": "records/springday",
                "stream": true
            }
        ]
    },
    "music_disc.leben": {
        "sounds": [
            {
                "name": "records/leben",
                "stream": true
            }
        ]
    },
    "music_disc.dieser_mensch": {
        "sounds": [
            {
                "name": "records/dieser_mensch",
                "stream": true
            }
        ]
    },
    "music_disc.newbeginnings_theme": {
        "sounds": [
            {
                "name": "records/newbeginnings_theme",
                "stream": true
            }
        ]
    },
    "music_disc.club": {
        "sounds": [
            {
                "name": "records/club",
                "stream": true
            }
        ]
    },
    "music_disc.traeumer": {
        "sounds": [
            {
                "name": "records/traeumer",
                "stream": true
            }
        ]
    },
    "music_disc.style": {
        "sounds": [
            {
                "name": "records/style",
                "stream": true
            }
        ]
    },
    "music_disc.aoi": {
        "sounds": [
            {
                "name": "records/aoi",
                "stream": true
            }
        ]
    },
    "music_disc.electric_serenade.": {
        "sounds": [
            {
                "name": "records/electric_serenade",
                "stream": true
            }
        ]
    }
}