{
    "music_disc.springday": {
        "sounds": [
            {
                "name": "records/springday",
                "stream": true,
                "attenuation_distance": 16,
                "category": "record"
            }
        ]
    },
    "music_disc.leben": {
        "sounds": [
            {
                "name": "records/leben",
                "stream": true,
                "attenuation_distance": 16,
                "category": "record"
            }
        ]
    },
    "music_disc.dieser_mensch": {
        "sounds": [
            {
                "name": "records/dieser_mensch",
                "stream": true,
                "attenuation_distance": 16,
                "category": "record"
            }
        ]
    },
    "music_disc.newbeginnings_theme": {
        "sounds": [
            {
                "name": "records/newbeginnings_theme",
                "stream": true,
                "attenuation_distance": 16,
                "category": "record"
            }
        ]
    },
    "music_disc.club": {
        "sounds": [
            {
                "name": "records/club",
                "stream": true,
                "attenuation_distance": 16,
                "category": "record"
            }
        ]
    },
    "music_disc.traeumer": {
        "sounds": [
            {
                "name": "records/traeumer",
                "stream": true,
                "attenuation_distance": 16,
                "category": "record"
            }
        ]
    },
    "music_disc.style": {
        "sounds": [
            {
                "name": "records/style",
                "stream": true,
                "attenuation_distance": 16,
                "category": "record"
            }
        ]
    }
}
