{
    "music_disc.springday": {
        "sounds": [
            {
                "name": "records/springday",
                "stream": true
            }
        ]
    },
    "music_disc.leben": {
        "sounds": [
            {
                "name": "records/leben",
                "stream": true
            }
        ]
    },
    "music_disc.dieser_mensch": {
        "sounds": [
            {
                "name": "records/dieser_mensch",
                "stream": true
            }
        ]
    }
}