{
    "music_disc.newbeginnings_theme": {
        "sounds": [
            {
                "name": "records/newbeginnings_theme",
                "stream": true
            }
        ]
    },
    "music_disc.traeumer": {
        "sounds": [
            {
                "name": "records/traeumer",
                "stream": true
            }
        ]
    },
    "music_disc.electric_serenade": {
        "sounds": [
            {
                "name": "records/electric_serenade",
                "stream": true
            }
        ]
    },
    "music_disc.electric_symphony": {
        "sounds": [
            {
                "name": "records/electric_symphony",
                "stream": true
            }
        ]
    },
    "music_disc.into_the_storm": {
        "sounds": [
            {
                "name": "records/into_the_storm",
                "stream": true
            }
        ]
    },
    "music_disc.neon_reverie": {
        "sounds": [
            {
                "name": "records/neon_reverie",
                "stream": true
            }
        ]
    }
}