[
  {
    "title": "15 - Spring Day",
    "author": "BTS",
    "duration": 300,
    "disc-namespace": "music_disc.springday",
    "model_data": 1,
    "creeper-drop": true,
    "lores": [
      ""
    ],
    "loot-tables": {
      "chests/ancient_city": 0
    },
    "fragment-loot-tables": {
      "chests/ancient_city": 0
    }
  },
  {
    "title": "Leben über Leben",
    "author": "ELITEK3V",
    "duration": 230,
    "disc-namespace": "music_disc.leben",
    "model_data": 2,
    "creeper-drop": true,
    "lores": [
      ""
    ],
    "loot-tables": {
      "chests/ancient_city": 0
    },
    "fragment-loot-tables": {
      "chests/ancient_city": 50
    }
  },
  {
    "title": "Dieser Mensch",
    "author": "Bonndock_Sulfur",
    "duration": 239,
    "disc-namespace": "music_disc.dieser_mensch",
    "model_data": 3,
    "creeper-drop": false,
    "lores": [
      ""
    ],
    "loot-tables": {
      "chests/ancient_city": 0
    },
    "fragment-loot-tables": {
      "chests/ancient_city": 0
    }
  },
  {
    "title": "NewBeginnings Theme",
    "author": "Bonndock_Sulfur",
    "duration": 214,
    "disc-namespace": "music_disc.newbeginnings_theme",
    "model_data": 4,
    "creeper-drop": false,
    "lores": [
      ""
    ],
    "loot-tables": {
      "chests/ancient_city": 0
    },
    "fragment-loot-tables": {
      "chests/ancient_city": 0
    }
  },
  {
    "title": "Club Mix",
    "author": "ELITEK3V",
    "duration": 187,
    "disc-namespace": "music_disc.club",
    "model_data": 5,
    "creeper-drop": false,
    "lores": [
      ""
    ],
    "loot-tables": {
      "chests/ancient_city": 0
    },
    "fragment-loot-tables": {
      "chests/ancient_city": 0
    }
  },
  {
    "title": "Träumer",
    "author": "Pilatus",
    "duration": 246,
    "disc-namespace": "music_disc.traeumer",
    "model_data": 6,
    "creeper-drop": false,
    "lores": [
      ""
    ],
    "loot-tables": {
      "chests/ancient_city": 0
    },
    "fragment-loot-tables": {
      "chests/ancient_city": 0
    }
  },
  {
    "title": "Style",
    "author": "ELITEK3V",
    "duration": 194,
    "disc-namespace": "music_disc.style",
    "model_data": 7,
    "creeper-drop": false,
    "lores": [
      ""
    ],
    "loot-tables": {
      "chests/ancient_city": 0
    },
    "fragment-loot-tables": {
      "chests/ancient_city": 0
    }
  },
  {
    "title": "Mori no Chiisana Restaurant",
    "author": "Aoi Teshima",
    "duration": 154,
    "disc-namespace": "music_disc.aoi",
    "model_data": 7,
    "creeper-drop": false,
    "lores": [
      ""
    ],
    "loot-tables": {
      "chests/ancient_city": 0
    },
    "fragment-loot-tables": {
      "chests/ancient_city": 0
    }
  },
  {
    "title": "Slectric Serenade",
    "author": "Bonndock_Sulfur",
    "duration": 202,
    "disc-namespace": "music_disc.electric_serenade",
    "model_data": 7,
    "creeper-drop": false,
    "lores": [
      ""
    ],
    "loot-tables": {
      "chests/ancient_city": 0
    },
    "fragment-loot-tables": {
      "chests/ancient_city": 0
    }
  }
]