[
  {
    "title": "15 - Spring Day",
    "author": "Bonndock_Sulfur",
    "duration": 300,
    "disc-namespace": "music_disc.springday",
    "model_data": 1,
    "creeper-drop": true,
    "lores": [
      ""
    ],
    "loot-tables": {
      "chests/ancient_city": 0
    },
    "fragment-loot-tables": {
      "chests/ancient_city": 0
    }
  },
  {
    "title": "Leben über Leben",
    "author": "ELITEK3V",
    "duration": 230,
    "disc-namespace": "music_disc.leben",
    "model_data": 2,
    "creeper-drop": false,
    "lores": [
      ""
    ],
    "loot-tables": {
      "chests/ancient_city": 0
    },
    "fragment-loot-tables": {
      "chests/ancient_city": 0
    }
  },
  {
    "title": "Dieser Mensch",
    "author": "Bonndock_Sulfur",
    "duration": 239,
    "disc-namespace": "music_disc.dieser_mensch",
    "model_data": 2,
    "creeper-drop": false,
    "lores": [
      ""
    ],
    "loot-tables": {
      "chests/ancient_city": 0
    },
    "fragment-loot-tables": {
      "chests/ancient_city": 0
    }
  },
  {
    "title": "NewBeginnings Theme",
    "author": "BTS",
    "duration": 214,
    "disc-namespace": "music_disc.newbeginnings_theme",
    "model_data": 2,
    "creeper-drop": false,
    "lores": [
      ""
    ],
    "loot-tables": {
      "chests/ancient_city": 0
    },
    "fragment-loot-tables": {
      "chests/ancient_city": 0
    }
  }
]