[
  {
    "title": "15 - Spring Day",
    "author": "Bonndock_Sulfur",
    "duration": 300,
    "disc-namespace": "music_disc.springday",
    "model-data": 1,
    "creeper-drop": true,
    "lores": [
      "Ein gefühlvoller Song über Abschied und Hoffnung"
    ],
    "loot-tables": {
      "chests/ancient_city": 0
    },
    "fragment-loot-tables": {
      "chests/ancient_city": 0
    }
  },
  {
    "title": "Leben über Leben",
    "author": "ELITEK3V",
    "duration": 230,
    "disc-namespace": "music_disc.leben",
    "model-data": 2,
    "creeper-drop": false,
    "lores": [
      "Freiheit, Leben, Leidenschaft"
    ],
    "loot-tables": {
      "chests/ancient_city": 0
    },
    "fragment-loot-tables": {
      "chests/ancient_city": 0
    }
  }
]