[
  {
    "title": "NewBeginnings Theme",
    "author": "Bonndock_Sulfur",
    "duration": 214,
    "disc-namespace": "music_disc.newbeginnings_theme",
    "model_data": 4,
    "creeper-drop": true,
    "lores": [
      ""
    ],
    "loot-tables": {
      "chests/ancient_city": 0
    },
    "fragment-loot-tables": {
      "chests/ancient_city": 0
    }
  },
  {
    "title": "Träumer",
    "author": "Pilatus",
    "duration": 246,
    "disc-namespace": "music_disc.traeumer",
    "model_data": 6,
    "creeper-drop": true,
    "lores": [
      ""
    ],
    "loot-tables": {
      "chests/ancient_city": 0
    },
    "fragment-loot-tables": {
      "chests/ancient_city": 0
    }
  },
  {
    "title": "Slectric Serenade",
    "author": "Bonndock_Sulfur",
    "duration": 202,
    "disc-namespace": "music_disc.electric_serenade",
    "model_data": 7,
    "creeper-drop": true,
    "lores": [
      ""
    ],
    "loot-tables": {
      "chests/ancient_city": 0
    },
    "fragment-loot-tables": {
      "chests/ancient_city": 0
    }
  },
  {
    "title": "Electric Symphony",
    "author": "Bonndock_Sulfur",
    "duration": 194,
    "disc-namespace": "music_disc.electric_symphony",
    "model_data": 7,
    "creeper-drop": true,
    "lores": [
      ""
    ],
    "loot-tables": {
      "chests/ancient_city": 0
    },
    "fragment-loot-tables": {
      "chests/ancient_city": 0
    }
  },
  {
    "title": "Into the Storm",
    "author": "Bonndock_Sulfur",
    "duration": 188,
    "disc-namespace": "music_disc.into_the_storm",
    "model_data": 7,
    "creeper-drop": true,
    "lores": [
      ""
    ],
    "loot-tables": {
      "chests/ancient_city": 0
    },
    "fragment-loot-tables": {
      "chests/ancient_city": 0
    }
  },
  {
    "title": "Neon Reverie",
    "author": "Bonndock_Sulfur",
    "duration": 175,
    "disc-namespace": "music_disc.neon_reverie",
    "model_data": 7,
    "creeper-drop": true,
    "lores": [
      ""
    ],
    "loot-tables": {
      "chests/ancient_city": 0
    },
    "fragment-loot-tables": {
      "chests/ancient_city": 0
    }
  }
]