[
  {
    "title": "15-Springday",
    "author": "Boondock_sufure",
    "duration": 273,
    "disc-namespace": "music_disc.springday",
    "model-data": 1,
    "creeper-drop": false,
    "lores": [
      "Könnte was stehen!",
      "Hier auch!"
    ]
  },
  {
    "title": "Leben",
    "author": "ELITEK3V",
    "duration": 172,
    "disc-namespace": "music_disc.leben",
    "model-data": 2,
    "creeper-drop": false,
    "lores": [
      "Ein Song über das Leben"
    ]
  }
]