[
  {
    "title": "15-Springday",
    "author": "Boondock_sufure",
    "duration": 273,
    "disc-namespace": "music_disc.springday",
    "custom-model-data": 1,
    "creeper-drop": false,
    "lores": [
      "Könnte was stehen!",
      "Hier auch!"
    ],
    "loot-tables": {
      "chests/ancient_city": 573
    },
    "fragment-loot-tables": {
      "chests/ancient_city": 573
    }
  },{
  "title": "Leben",
  "author": "ELITEK3V",
  "duration": 172,
  "disc-namespace": "music_disc.leben",
  "custom-model-data": 2,
  "creeper-drop": false,
  "lores": [
    "Ein Song über das Leben"
  ]
}
]
