{
	"format_version": "1.21.6",
	"credit": "Made with Blockbench",
	"texture_size": [128, 128],
	"textures": {
		"0": "block/pokal_bauwerk",
		"particle": "block/pokal_bauwerk"
	},
	"elements": [
		{
			"from": [0, 0, 0],
			"to": [16, 2, 16],
			"rotation": {"angle": 0, "axis": "y", "origin": [12, 0, 7]},
			"faces": {
				"north": {"uv": [5.75, 3, 7.75, 3.25], "texture": "#0"},
				"east": {"uv": [5, 5.75, 7, 6], "texture": "#0"},
				"south": {"uv": [1.75, 5.875, 3.75, 6.125], "texture": "#0"},
				"west": {"uv": [6, 0, 8, 0.25], "texture": "#0"},
				"up": {"uv": [2, 2, 0, 0], "texture": "#0"},
				"down": {"uv": [2, 2, 0, 4], "texture": "#0"}
			}
		},
		{
			"from": [1, 2, 1],
			"to": [15, 3, 15],
			"rotation": {"angle": 0, "axis": "y", "origin": [12, 2, 7]},
			"faces": {
				"north": {"uv": [6, 4, 7.75, 4.125], "texture": "#0"},
				"east": {"uv": [6, 4.125, 7.75, 4.25], "texture": "#0"},
				"south": {"uv": [6.25, 6, 8, 6.125], "texture": "#0"},
				"west": {"uv": [6.25, 6.125, 8, 6.25], "texture": "#0"},
				"up": {"uv": [3.75, 1.75, 2, 0], "texture": "#0"},
				"down": {"uv": [3.75, 1.75, 2, 3.5], "texture": "#0"}
			}
		},
		{
			"from": [2, 3, 2],
			"to": [14, 7, 14],
			"rotation": {"angle": 0, "axis": "y", "origin": [12, 3, 7]},
			"faces": {
				"north": {"uv": [5, 1.75, 6.5, 2.25], "texture": "#0"},
				"east": {"uv": [5, 4.25, 6.5, 4.75], "texture": "#0"},
				"south": {"uv": [5, 4.75, 6.5, 5.25], "texture": "#0"},
				"west": {"uv": [5, 5.25, 6.5, 5.75], "texture": "#0"},
				"up": {"uv": [3.5, 5, 2, 3.5], "texture": "#0"},
				"down": {"uv": [5, 3.5, 3.5, 5], "texture": "#0"}
			}
		},
		{
			"from": [3, 8, 3],
			"to": [13, 9, 13],
			"rotation": {"angle": 0, "axis": "y", "origin": [12, 8, 7]},
			"faces": {
				"north": {"uv": [6.75, 1, 8, 1.125], "texture": "#0"},
				"east": {"uv": [6.75, 1.125, 8, 1.25], "texture": "#0"},
				"south": {"uv": [6.75, 1.25, 8, 1.375], "texture": "#0"},
				"west": {"uv": [6.75, 1.375, 8, 1.5], "texture": "#0"},
				"up": {"uv": [5, 1.25, 3.75, 0], "texture": "#0"},
				"down": {"uv": [5, 1.25, 3.75, 2.5], "texture": "#0"}
			}
		},
		{
			"from": [4, 9, 4],
			"to": [12, 10, 12],
			"rotation": {"angle": 0, "axis": "y", "origin": [12, 9, 7]},
			"faces": {
				"north": {"uv": [6.75, 1.5, 7.75, 1.625], "texture": "#0"},
				"east": {"uv": [6.75, 1.625, 7.75, 1.75], "texture": "#0"},
				"south": {"uv": [6.75, 3.75, 7.75, 3.875], "texture": "#0"},
				"west": {"uv": [6.75, 3.875, 7.75, 4], "texture": "#0"},
				"up": {"uv": [4.75, 3.5, 3.75, 2.5], "texture": "#0"},
				"down": {"uv": [1, 4, 0, 5], "texture": "#0"}
			}
		},
		{
			"from": [5, 14, 5],
			"to": [11, 15, 11],
			"rotation": {"angle": 0, "axis": "y", "origin": [12, 14, 7]},
			"faces": {
				"north": {"uv": [5, 2.25, 5.75, 2.375], "texture": "#0"},
				"east": {"uv": [5, 2.375, 5.75, 2.5], "texture": "#0"},
				"south": {"uv": [7, 4.375, 7.75, 4.5], "texture": "#0"},
				"west": {"uv": [7, 4.5, 7.75, 4.625], "texture": "#0"},
				"up": {"uv": [1.75, 6.5, 1, 5.75], "texture": "#0"},
				"down": {"uv": [6.5, 2.25, 5.75, 3], "texture": "#0"}
			}
		},
		{
			"from": [11, 15, 5],
			"to": [12, 18, 11],
			"rotation": {"angle": 0, "axis": "y", "origin": [13, 15, 7]},
			"faces": {
				"north": {"uv": [4.25, 8.5, 4.375, 8.875], "texture": "#0"},
				"east": {"uv": [6, 1, 6.75, 1.375], "texture": "#0"},
				"south": {"uv": [4.375, 8.5, 4.5, 8.875], "texture": "#0"},
				"west": {"uv": [6, 1.375, 6.75, 1.75], "texture": "#0"},
				"up": {"uv": [3.5, 8.125, 3.375, 7.375], "texture": "#0"},
				"down": {"uv": [7.375, 7.625, 7.25, 8.375], "texture": "#0"}
			}
		},
		{
			"from": [12, 18, 4],
			"to": [13, 21, 12],
			"rotation": {"angle": 0, "axis": "y", "origin": [14, 18, 7]},
			"faces": {
				"north": {"uv": [6.375, 8.5, 6.5, 8.875], "texture": "#0"},
				"east": {"uv": [0, 5.875, 1, 6.25], "texture": "#0"},
				"south": {"uv": [6.5, 8.5, 6.625, 8.875], "texture": "#0"},
				"west": {"uv": [3.75, 5.875, 4.75, 6.25], "texture": "#0"},
				"up": {"uv": [5.375, 7.75, 5.25, 6.75], "texture": "#0"},
				"down": {"uv": [5.5, 6.75, 5.375, 7.75], "texture": "#0"}
			}
		},
		{
			"from": [3, 18, 4],
			"to": [4, 21, 12],
			"rotation": {"angle": 0, "axis": "y", "origin": [5, 18, 7]},
			"faces": {
				"north": {"uv": [6.625, 8.5, 6.75, 8.875], "texture": "#0"},
				"east": {"uv": [6, 0.25, 7, 0.625], "texture": "#0"},
				"south": {"uv": [6.75, 8.5, 6.875, 8.875], "texture": "#0"},
				"west": {"uv": [6, 0.625, 7, 1], "texture": "#0"},
				"up": {"uv": [5.625, 7.75, 5.5, 6.75], "texture": "#0"},
				"down": {"uv": [5.75, 6.75, 5.625, 7.75], "texture": "#0"}
			}
		},
		{
			"from": [4, 15, 5],
			"to": [5, 18, 11],
			"rotation": {"angle": 0, "axis": "y", "origin": [6, 15, 7]},
			"faces": {
				"north": {"uv": [4.5, 8.5, 4.625, 8.875], "texture": "#0"},
				"east": {"uv": [6, 3.25, 6.75, 3.625], "texture": "#0"},
				"south": {"uv": [4.625, 8.5, 4.75, 8.875], "texture": "#0"},
				"west": {"uv": [6, 3.625, 6.75, 4], "texture": "#0"},
				"up": {"uv": [7.875, 3.25, 7.75, 2.5], "texture": "#0"},
				"down": {"uv": [7.875, 4.375, 7.75, 5.125], "texture": "#0"}
			}
		},
		{
			"from": [5, 15, 4],
			"to": [11, 18, 5],
			"rotation": {"angle": 0, "axis": "y", "origin": [9, 15, 6]},
			"faces": {
				"north": {"uv": [4.75, 6, 5.5, 6.375], "texture": "#0"},
				"east": {"uv": [4.75, 8.5, 4.875, 8.875], "texture": "#0"},
				"south": {"uv": [5.5, 6, 6.25, 6.375], "texture": "#0"},
				"west": {"uv": [8.5, 5.125, 8.625, 5.5], "texture": "#0"},
				"up": {"uv": [7.75, 4.75, 7, 4.625], "texture": "#0"},
				"down": {"uv": [8.5, 1.5, 7.75, 1.625], "texture": "#0"}
			}
		},
		{
			"from": [5, 15, 11],
			"to": [11, 18, 12],
			"rotation": {"angle": 0, "axis": "y", "origin": [9, 15, 13]},
			"faces": {
				"north": {"uv": [1.75, 6.125, 2.5, 6.5], "texture": "#0"},
				"east": {"uv": [5.25, 8.5, 5.375, 8.875], "texture": "#0"},
				"south": {"uv": [2.5, 6.125, 3.25, 6.5], "texture": "#0"},
				"west": {"uv": [5.375, 8.5, 5.5, 8.875], "texture": "#0"},
				"up": {"uv": [8.5, 1.75, 7.75, 1.625], "texture": "#0"},
				"down": {"uv": [8.5, 3.75, 7.75, 3.875], "texture": "#0"}
			}
		},
		{
			"from": [6, 15, 12],
			"to": [10, 18, 13],
			"rotation": {"angle": 0, "axis": "y", "origin": [9, 15, 14]},
			"faces": {
				"north": {"uv": [4.75, 6.375, 5.25, 6.75], "texture": "#0"},
				"east": {"uv": [5.5, 8.5, 5.625, 8.875], "texture": "#0"},
				"south": {"uv": [5.25, 6.375, 5.75, 6.75], "texture": "#0"},
				"west": {"uv": [8.5, 5.5, 8.625, 5.875], "texture": "#0"},
				"up": {"uv": [8.75, 2.375, 8.25, 2.25], "texture": "#0"},
				"down": {"uv": [8.75, 2.375, 8.25, 2.5], "texture": "#0"}
			}
		},
		{
			"from": [6, 15, 3],
			"to": [10, 18, 4],
			"rotation": {"angle": 0, "axis": "y", "origin": [9, 15, 5]},
			"faces": {
				"north": {"uv": [5.75, 6.375, 6.25, 6.75], "texture": "#0"},
				"east": {"uv": [5.625, 8.5, 5.75, 8.875], "texture": "#0"},
				"south": {"uv": [1, 6.5, 1.5, 6.875], "texture": "#0"},
				"west": {"uv": [5.75, 8.5, 5.875, 8.875], "texture": "#0"},
				"up": {"uv": [3.375, 8.375, 2.875, 8.25], "texture": "#0"},
				"down": {"uv": [8.75, 3.25, 8.25, 3.375], "texture": "#0"}
			}
		},
		{
			"from": [6, 18, 2],
			"to": [10, 21, 3],
			"rotation": {"angle": 0, "axis": "y", "origin": [9, 18, 4]},
			"faces": {
				"north": {"uv": [1.5, 6.5, 2, 6.875], "texture": "#0"},
				"east": {"uv": [5.875, 8.5, 6, 8.875], "texture": "#0"},
				"south": {"uv": [6.5, 1.75, 7, 2.125], "texture": "#0"},
				"west": {"uv": [6, 8.5, 6.125, 8.875], "texture": "#0"},
				"up": {"uv": [8.75, 3.5, 8.25, 3.375], "texture": "#0"},
				"down": {"uv": [8.75, 3.5, 8.25, 3.625], "texture": "#0"}
			}
		},
		{
			"from": [4, 21, 2],
			"to": [12, 22, 3],
			"rotation": {"angle": 0, "axis": "y", "origin": [9, 21, 4]},
			"faces": {
				"north": {"uv": [6.75, 4.75, 7.75, 4.875], "texture": "#0"},
				"east": {"uv": [8.875, 4.25, 9, 4.375], "texture": "#0"},
				"south": {"uv": [6.75, 4.875, 7.75, 5], "texture": "#0"},
				"west": {"uv": [4.375, 8.875, 4.5, 9], "texture": "#0"},
				"up": {"uv": [7.75, 6.375, 6.75, 6.25], "texture": "#0"},
				"down": {"uv": [7.75, 6.375, 6.75, 6.5], "texture": "#0"}
			}
		},
		{
			"from": [4, 21, 13],
			"to": [12, 22, 14],
			"rotation": {"angle": 0, "axis": "y", "origin": [9, 21, 15]},
			"faces": {
				"north": {"uv": [6.75, 6.5, 7.75, 6.625], "texture": "#0"},
				"east": {"uv": [8.875, 4.375, 9, 4.5], "texture": "#0"},
				"south": {"uv": [7, 0.75, 8, 0.875], "texture": "#0"},
				"west": {"uv": [4.5, 8.875, 4.625, 9], "texture": "#0"},
				"up": {"uv": [8, 1, 7, 0.875], "texture": "#0"},
				"down": {"uv": [8, 1.75, 7, 1.875], "texture": "#0"}
			}
		},
		{
			"from": [7, 28, 15],
			"to": [9, 29, 17],
			"rotation": {"angle": 0, "axis": "y", "origin": [9, 26, 17]},
			"faces": {
				"north": {"uv": [0.25, 8.875, 0.5, 9], "texture": "#0"},
				"east": {"uv": [0.5, 8.875, 0.75, 9], "texture": "#0"},
				"south": {"uv": [8.875, 0.5, 9.125, 0.625], "texture": "#0"},
				"west": {"uv": [8.875, 0.625, 9.125, 0.75], "texture": "#0"},
				"up": {"uv": [8.625, 6.875, 8.375, 6.625], "texture": "#0"},
				"down": {"uv": [7.25, 8.375, 7, 8.625], "texture": "#0"}
			}
		},
		{
			"from": [7, 29, 15],
			"to": [9, 30, 18],
			"rotation": {"angle": 0, "axis": "y", "origin": [9, 27, 17]},
			"faces": {
				"north": {"uv": [8.625, 8.75, 8.875, 8.875], "texture": "#0"},
				"east": {"uv": [8.625, 2.75, 9, 2.875], "texture": "#0"},
				"south": {"uv": [0, 8.875, 0.25, 9], "texture": "#0"},
				"west": {"uv": [2.875, 8.625, 3.25, 8.75], "texture": "#0"},
				"up": {"uv": [6.5, 8.5, 6.25, 8.125], "texture": "#0"},
				"down": {"uv": [6.75, 8.125, 6.5, 8.5], "texture": "#0"}
			}
		},
		{
			"from": [4, 22, 14],
			"to": [12, 29, 15],
			"rotation": {"angle": 0, "axis": "y", "origin": [9, 22, 16]},
			"faces": {
				"north": {"uv": [5, 3.375, 6, 4.25], "texture": "#0"},
				"east": {"uv": [2.375, 7.375, 2.5, 8.25], "texture": "#0"},
				"south": {"uv": [4, 5, 5, 5.875], "texture": "#0"},
				"west": {"uv": [3.25, 7.375, 3.375, 8.25], "texture": "#0"},
				"up": {"uv": [8, 3.75, 7, 3.625], "texture": "#0"},
				"down": {"uv": [8, 4.25, 7, 4.375], "texture": "#0"}
			}
		},
		{
			"from": [12, 22, 13],
			"to": [13, 29, 14],
			"rotation": {"angle": 0, "axis": "y", "origin": [10, 22, 15]},
			"faces": {
				"north": {"uv": [4, 7.25, 4.125, 8.125], "texture": "#0"},
				"east": {"uv": [4.125, 7.25, 4.25, 8.125], "texture": "#0"},
				"south": {"uv": [4.25, 7.25, 4.375, 8.125], "texture": "#0"},
				"west": {"uv": [4.375, 7.25, 4.5, 8.125], "texture": "#0"},
				"up": {"uv": [6.625, 9, 6.5, 8.875], "texture": "#0"},
				"down": {"uv": [6.75, 8.875, 6.625, 9], "texture": "#0"}
			}
		},
		{
			"from": [13, 22, 12],
			"to": [14, 29, 13],
			"rotation": {"angle": 0, "axis": "y", "origin": [11, 22, 14]},
			"faces": {
				"north": {"uv": [4.5, 7.25, 4.625, 8.125], "texture": "#0"},
				"east": {"uv": [4.625, 7.25, 4.75, 8.125], "texture": "#0"},
				"south": {"uv": [4.75, 7.25, 4.875, 8.125], "texture": "#0"},
				"west": {"uv": [4.875, 7.25, 5, 8.125], "texture": "#0"},
				"up": {"uv": [9, 6.75, 8.875, 6.625], "texture": "#0"},
				"down": {"uv": [6.875, 8.875, 6.75, 9], "texture": "#0"}
			}
		},
		{
			"from": [13, 22, 3],
			"to": [14, 29, 4],
			"rotation": {"angle": 0, "axis": "y", "origin": [11, 22, 5]},
			"faces": {
				"north": {"uv": [5, 7.25, 5.125, 8.125], "texture": "#0"},
				"east": {"uv": [5.125, 7.25, 5.25, 8.125], "texture": "#0"},
				"south": {"uv": [5.75, 7.25, 5.875, 8.125], "texture": "#0"},
				"west": {"uv": [5.875, 7.25, 6, 8.125], "texture": "#0"},
				"up": {"uv": [9, 6.875, 8.875, 6.75], "texture": "#0"},
				"down": {"uv": [7, 8.875, 6.875, 9], "texture": "#0"}
			}
		},
		{
			"from": [12, 22, 2],
			"to": [13, 29, 3],
			"rotation": {"angle": 0, "axis": "y", "origin": [10, 22, 4]},
			"faces": {
				"north": {"uv": [6, 7.25, 6.125, 8.125], "texture": "#0"},
				"east": {"uv": [6.125, 7.25, 6.25, 8.125], "texture": "#0"},
				"south": {"uv": [6.25, 7.25, 6.375, 8.125], "texture": "#0"},
				"west": {"uv": [6.375, 7.25, 6.5, 8.125], "texture": "#0"},
				"up": {"uv": [7.125, 9, 7, 8.875], "texture": "#0"},
				"down": {"uv": [7.25, 8.875, 7.125, 9], "texture": "#0"}
			}
		},
		{
			"from": [3, 22, 2],
			"to": [4, 29, 3],
			"rotation": {"angle": 0, "axis": "y", "origin": [1, 22, 4]},
			"faces": {
				"north": {"uv": [6.5, 7.25, 6.625, 8.125], "texture": "#0"},
				"east": {"uv": [6.625, 7.25, 6.75, 8.125], "texture": "#0"},
				"south": {"uv": [6.75, 7.25, 6.875, 8.125], "texture": "#0"},
				"west": {"uv": [7.25, 6.75, 7.375, 7.625], "texture": "#0"},
				"up": {"uv": [7.375, 9, 7.25, 8.875], "texture": "#0"},
				"down": {"uv": [7.5, 8.875, 7.375, 9], "texture": "#0"}
			}
		},
		{
			"from": [2, 22, 3],
			"to": [3, 29, 4],
			"rotation": {"angle": 0, "axis": "y", "origin": [0, 22, 5]},
			"faces": {
				"north": {"uv": [6.875, 7.25, 7, 8.125], "texture": "#0"},
				"east": {"uv": [0, 7.375, 0.125, 8.25], "texture": "#0"},
				"south": {"uv": [0.125, 7.375, 0.25, 8.25], "texture": "#0"},
				"west": {"uv": [0.25, 7.375, 0.375, 8.25], "texture": "#0"},
				"up": {"uv": [9, 7.5, 8.875, 7.375], "texture": "#0"},
				"down": {"uv": [7.625, 8.875, 7.5, 9], "texture": "#0"}
			}
		},
		{
			"from": [2, 22, 12],
			"to": [3, 29, 13],
			"rotation": {"angle": 0, "axis": "y", "origin": [0, 22, 14]},
			"faces": {
				"north": {"uv": [0.375, 7.375, 0.5, 8.25], "texture": "#0"},
				"east": {"uv": [1, 7.375, 1.125, 8.25], "texture": "#0"},
				"south": {"uv": [1.125, 7.375, 1.25, 8.25], "texture": "#0"},
				"west": {"uv": [1.25, 7.375, 1.375, 8.25], "texture": "#0"},
				"up": {"uv": [9, 7.625, 8.875, 7.5], "texture": "#0"},
				"down": {"uv": [7.75, 8.875, 7.625, 9], "texture": "#0"}
			}
		},
		{
			"from": [3, 22, 13],
			"to": [4, 29, 14],
			"rotation": {"angle": 0, "axis": "y", "origin": [1, 22, 15]},
			"faces": {
				"north": {"uv": [1.375, 7.375, 1.5, 8.25], "texture": "#0"},
				"east": {"uv": [1.5, 7.375, 1.625, 8.25], "texture": "#0"},
				"south": {"uv": [1.625, 7.375, 1.75, 8.25], "texture": "#0"},
				"west": {"uv": [1.75, 7.375, 1.875, 8.25], "texture": "#0"},
				"up": {"uv": [9, 7.75, 8.875, 7.625], "texture": "#0"},
				"down": {"uv": [7.875, 8.875, 7.75, 9], "texture": "#0"}
			}
		},
		{
			"from": [1, 22, 4],
			"to": [2, 29, 12],
			"rotation": {"angle": 0, "axis": "y", "origin": [-1, 22, 13]},
			"faces": {
				"north": {"uv": [1.875, 7.375, 2, 8.25], "texture": "#0"},
				"east": {"uv": [5, 0, 6, 0.875], "texture": "#0"},
				"south": {"uv": [2, 7.375, 2.125, 8.25], "texture": "#0"},
				"west": {"uv": [5, 0.875, 6, 1.75], "texture": "#0"},
				"up": {"uv": [2.875, 8.25, 2.75, 7.25], "texture": "#0"},
				"down": {"uv": [3, 7.25, 2.875, 8.25], "texture": "#0"}
			}
		},
		{
			"from": [14, 22, 4],
			"to": [15, 29, 12],
			"rotation": {"angle": 0, "axis": "y", "origin": [12, 22, 13]},
			"faces": {
				"north": {"uv": [2.125, 7.375, 2.25, 8.25], "texture": "#0"},
				"east": {"uv": [2, 5, 3, 5.875], "texture": "#0"},
				"south": {"uv": [2.25, 7.375, 2.375, 8.25], "texture": "#0"},
				"west": {"uv": [3, 5, 4, 5.875], "texture": "#0"},
				"up": {"uv": [3.125, 8.25, 3, 7.25], "texture": "#0"},
				"down": {"uv": [3.25, 7.25, 3.125, 8.25], "texture": "#0"}
			}
		},
		{
			"from": [4, 22, 1],
			"to": [12, 29, 2],
			"rotation": {"angle": 0, "axis": "y", "origin": [9, 22, 3]},
			"faces": {
				"north": {"uv": [1, 4.875, 2, 5.75], "texture": "#0"},
				"east": {"uv": [3.75, 7.25, 3.875, 8.125], "texture": "#0"},
				"south": {"uv": [0, 5, 1, 5.875], "texture": "#0"},
				"west": {"uv": [3.875, 7.25, 4, 8.125], "texture": "#0"},
				"up": {"uv": [8, 3.5, 7, 3.375], "texture": "#0"},
				"down": {"uv": [8, 3.5, 7, 3.625], "texture": "#0"}
			}
		},
		{
			"from": [12, 21, 12],
			"to": [13, 22, 13],
			"rotation": {"angle": 0, "axis": "y", "origin": [11, 21, 10]},
			"faces": {
				"north": {"uv": [4.625, 8.875, 4.75, 9], "texture": "#0"},
				"east": {"uv": [8.875, 4.625, 9, 4.75], "texture": "#0"},
				"south": {"uv": [4.75, 8.875, 4.875, 9], "texture": "#0"},
				"west": {"uv": [8.875, 4.75, 9, 4.875], "texture": "#0"},
				"up": {"uv": [5, 9, 4.875, 8.875], "texture": "#0"},
				"down": {"uv": [9, 4.875, 8.875, 5], "texture": "#0"}
			}
		},
		{
			"from": [12, 21, 3],
			"to": [13, 22, 4],
			"rotation": {"angle": 0, "axis": "y", "origin": [11, 21, 1]},
			"faces": {
				"north": {"uv": [5, 8.875, 5.125, 9], "texture": "#0"},
				"east": {"uv": [5.125, 8.875, 5.25, 9], "texture": "#0"},
				"south": {"uv": [8.875, 5.125, 9, 5.25], "texture": "#0"},
				"west": {"uv": [5.25, 8.875, 5.375, 9], "texture": "#0"},
				"up": {"uv": [9, 5.375, 8.875, 5.25], "texture": "#0"},
				"down": {"uv": [5.5, 8.875, 5.375, 9], "texture": "#0"}
			}
		},
		{
			"from": [3, 21, 3],
			"to": [4, 22, 4],
			"rotation": {"angle": 0, "axis": "y", "origin": [2, 21, 1]},
			"faces": {
				"north": {"uv": [8.875, 5.375, 9, 5.5], "texture": "#0"},
				"east": {"uv": [5.5, 8.875, 5.625, 9], "texture": "#0"},
				"south": {"uv": [8.875, 5.5, 9, 5.625], "texture": "#0"},
				"west": {"uv": [5.625, 8.875, 5.75, 9], "texture": "#0"},
				"up": {"uv": [9, 5.75, 8.875, 5.625], "texture": "#0"},
				"down": {"uv": [5.875, 8.875, 5.75, 9], "texture": "#0"}
			}
		},
		{
			"from": [3, 21, 12],
			"to": [4, 22, 13],
			"rotation": {"angle": 0, "axis": "y", "origin": [2, 21, 10]},
			"faces": {
				"north": {"uv": [8.875, 5.75, 9, 5.875], "texture": "#0"},
				"east": {"uv": [5.875, 8.875, 6, 9], "texture": "#0"},
				"south": {"uv": [8.875, 5.875, 9, 6], "texture": "#0"},
				"west": {"uv": [6, 8.875, 6.125, 9], "texture": "#0"},
				"up": {"uv": [9, 6.125, 8.875, 6], "texture": "#0"},
				"down": {"uv": [6.25, 8.875, 6.125, 9], "texture": "#0"}
			}
		},
		{
			"from": [2, 21, 4],
			"to": [3, 22, 12],
			"rotation": {"angle": 0, "axis": "y", "origin": [1, 21, 9]},
			"faces": {
				"north": {"uv": [6.25, 8.875, 6.375, 9], "texture": "#0"},
				"east": {"uv": [7, 1.875, 8, 2], "texture": "#0"},
				"south": {"uv": [8.875, 6.25, 9, 6.375], "texture": "#0"},
				"west": {"uv": [7, 2, 8, 2.125], "texture": "#0"},
				"up": {"uv": [7.125, 7.75, 7, 6.75], "texture": "#0"},
				"down": {"uv": [7.25, 6.75, 7.125, 7.75], "texture": "#0"}
			}
		},
		{
			"from": [13, 21, 4],
			"to": [14, 22, 12],
			"rotation": {"angle": 0, "axis": "y", "origin": [12, 21, 9]},
			"faces": {
				"north": {"uv": [6.375, 8.875, 6.5, 9], "texture": "#0"},
				"east": {"uv": [7, 2.125, 8, 2.25], "texture": "#0"},
				"south": {"uv": [8.875, 6.375, 9, 6.5], "texture": "#0"},
				"west": {"uv": [7, 2.25, 8, 2.375], "texture": "#0"},
				"up": {"uv": [2.625, 8.25, 2.5, 7.25], "texture": "#0"},
				"down": {"uv": [2.75, 7.25, 2.625, 8.25], "texture": "#0"}
			}
		},
		{
			"from": [7, 17, 1],
			"to": [9, 20, 2],
			"rotation": {"angle": 0, "axis": "y", "origin": [9, 17, 3]},
			"faces": {
				"north": {"uv": [7.375, 7.875, 7.625, 8.25], "texture": "#0"},
				"east": {"uv": [6.875, 8.5, 7, 8.875], "texture": "#0"},
				"south": {"uv": [7.875, 7.375, 8.125, 7.75], "texture": "#0"},
				"west": {"uv": [7.375, 8.5, 7.5, 8.875], "texture": "#0"},
				"up": {"uv": [8.125, 8.75, 7.875, 8.625], "texture": "#0"},
				"down": {"uv": [8.875, 8, 8.625, 8.125], "texture": "#0"}
			}
		},
		{
			"from": [7, 17, 14],
			"to": [9, 20, 15],
			"rotation": {"angle": 0, "axis": "y", "origin": [9, 17, 16]},
			"faces": {
				"north": {"uv": [7.875, 7.75, 8.125, 8.125], "texture": "#0"},
				"east": {"uv": [7.5, 8.5, 7.625, 8.875], "texture": "#0"},
				"south": {"uv": [8, 0.75, 8.25, 1.125], "texture": "#0"},
				"west": {"uv": [7.625, 8.5, 7.75, 8.875], "texture": "#0"},
				"up": {"uv": [8.375, 8.75, 8.125, 8.625], "texture": "#0"},
				"down": {"uv": [8.875, 8.125, 8.625, 8.25], "texture": "#0"}
			}
		},
		{
			"from": [7, 18, 15],
			"to": [9, 19, 18],
			"rotation": {"angle": 0, "axis": "y", "origin": [9, 18, 17]},
			"faces": {
				"north": {"uv": [8.625, 8.25, 8.875, 8.375], "texture": "#0"},
				"east": {"uv": [8.5, 4.625, 8.875, 4.75], "texture": "#0"},
				"south": {"uv": [8.375, 8.625, 8.625, 8.75], "texture": "#0"},
				"west": {"uv": [8.5, 4.75, 8.875, 4.875], "texture": "#0"},
				"up": {"uv": [8.25, 1.5, 8, 1.125], "texture": "#0"},
				"down": {"uv": [8.25, 1.75, 8, 2.125], "texture": "#0"}
			}
		},
		{
			"from": [7, 23, -8],
			"to": [9, 25, -5],
			"rotation": {"angle": 0, "axis": "x", "origin": [7, 23, -7]},
			"faces": {
				"north": {"uv": [8.375, 0.875, 8.625, 1.125], "texture": "#0"},
				"east": {"uv": [8.125, 4.625, 8.5, 4.875], "texture": "#0"},
				"south": {"uv": [1.125, 8.375, 1.375, 8.625], "texture": "#0"},
				"west": {"uv": [4.875, 8.125, 5.25, 8.375], "texture": "#0"},
				"up": {"uv": [5.5, 8.5, 5.25, 8.125], "texture": "#0"},
				"down": {"uv": [5.75, 8.125, 5.5, 8.5], "texture": "#0"}
			}
		},
		{
			"from": [7, 22, -7],
			"to": [9, 23, -4],
			"rotation": {"angle": 0, "axis": "x", "origin": [7, 22, -6]},
			"faces": {
				"north": {"uv": [3.125, 8.75, 3.375, 8.875], "texture": "#0"},
				"east": {"uv": [1.125, 8.625, 1.5, 8.75], "texture": "#0"},
				"south": {"uv": [8.75, 3.25, 9, 3.375], "texture": "#0"},
				"west": {"uv": [8.625, 1.125, 9, 1.25], "texture": "#0"},
				"up": {"uv": [4.625, 8.5, 4.375, 8.125], "texture": "#0"},
				"down": {"uv": [4.875, 8.125, 4.625, 8.5], "texture": "#0"}
			}
		},
		{
			"from": [7, 21, -6],
			"to": [9, 22, -3],
			"rotation": {"angle": 0, "axis": "x", "origin": [7, 21, -5]},
			"faces": {
				"north": {"uv": [2.625, 8.75, 2.875, 8.875], "texture": "#0"},
				"east": {"uv": [8.625, 0.875, 9, 1], "texture": "#0"},
				"south": {"uv": [2.875, 8.75, 3.125, 8.875], "texture": "#0"},
				"west": {"uv": [8.625, 1, 9, 1.125], "texture": "#0"},
				"up": {"uv": [4.375, 8.5, 4.125, 8.125], "texture": "#0"},
				"down": {"uv": [8.375, 4.25, 8.125, 4.625], "texture": "#0"}
			}
		},
		{
			"from": [7, 20, -5],
			"to": [9, 21, -1],
			"rotation": {"angle": 0, "axis": "x", "origin": [7, 20, -3]},
			"faces": {
				"north": {"uv": [2.375, 8.75, 2.625, 8.875], "texture": "#0"},
				"east": {"uv": [0.5, 8.375, 1, 8.5], "texture": "#0"},
				"south": {"uv": [8.75, 2.375, 9, 2.5], "texture": "#0"},
				"west": {"uv": [8.375, 0.5, 8.875, 0.625], "texture": "#0"},
				"up": {"uv": [6.5, 7.25, 6.25, 6.75], "texture": "#0"},
				"down": {"uv": [6.75, 6.75, 6.5, 7.25], "texture": "#0"}
			}
		},
		{
			"from": [7, 19, -3],
			"to": [9, 20, 0],
			"rotation": {"angle": 0, "axis": "x", "origin": [7, 19, -2]},
			"faces": {
				"north": {"uv": [8.75, 1.875, 9, 2], "texture": "#0"},
				"east": {"uv": [8.625, 0.25, 9, 0.375], "texture": "#0"},
				"south": {"uv": [8.75, 2.25, 9, 2.375], "texture": "#0"},
				"west": {"uv": [8.625, 0.375, 9, 0.5], "texture": "#0"},
				"up": {"uv": [3.875, 8.5, 3.625, 8.125], "texture": "#0"},
				"down": {"uv": [4.125, 8.125, 3.875, 8.5], "texture": "#0"}
			}
		},
		{
			"from": [7, 18, -2],
			"to": [9, 19, 1],
			"rotation": {"angle": 0, "axis": "x", "origin": [7, 18, -1]},
			"faces": {
				"north": {"uv": [8.75, 1.75, 9, 1.875], "texture": "#0"},
				"east": {"uv": [8.625, 0, 9, 0.125], "texture": "#0"},
				"south": {"uv": [1.875, 8.75, 2.125, 8.875], "texture": "#0"},
				"west": {"uv": [8.625, 0.125, 9, 0.25], "texture": "#0"},
				"up": {"uv": [8.375, 3.25, 8.125, 2.875], "texture": "#0"},
				"down": {"uv": [3.625, 8.125, 3.375, 8.5], "texture": "#0"}
			}
		},
		{
			"from": [7, 19, 16],
			"to": [9, 20, 19],
			"rotation": {"angle": 0, "axis": "y", "origin": [9, 19, 18]},
			"faces": {
				"north": {"uv": [8.625, 8.375, 8.875, 8.5], "texture": "#0"},
				"east": {"uv": [8.5, 5.875, 8.875, 6], "texture": "#0"},
				"south": {"uv": [8.625, 8.625, 8.875, 8.75], "texture": "#0"},
				"west": {"uv": [8.5, 6, 8.875, 6.125], "texture": "#0"},
				"up": {"uv": [8.25, 2.5, 8, 2.125], "texture": "#0"},
				"down": {"uv": [8.25, 3.25, 8, 3.625], "texture": "#0"}
			}
		},
		{
			"from": [7, 20, 17],
			"to": [9, 21, 21],
			"rotation": {"angle": 0, "axis": "y", "origin": [9, 20, 19]},
			"faces": {
				"north": {"uv": [0, 8.75, 0.25, 8.875], "texture": "#0"},
				"east": {"uv": [8.25, 4.125, 8.75, 4.25], "texture": "#0"},
				"south": {"uv": [0.5, 8.75, 0.75, 8.875], "texture": "#0"},
				"west": {"uv": [8.25, 6.125, 8.75, 6.25], "texture": "#0"},
				"up": {"uv": [6, 7.25, 5.75, 6.75], "texture": "#0"},
				"down": {"uv": [6.25, 6.75, 6, 7.25], "texture": "#0"}
			}
		},
		{
			"from": [7, 21, 19],
			"to": [9, 22, 22],
			"rotation": {"angle": 0, "axis": "y", "origin": [9, 21, 21]},
			"faces": {
				"north": {"uv": [0.75, 8.75, 1, 8.875], "texture": "#0"},
				"east": {"uv": [7.75, 8.5, 8.125, 8.625], "texture": "#0"},
				"south": {"uv": [8.75, 0.75, 9, 0.875], "texture": "#0"},
				"west": {"uv": [8.125, 8.5, 8.5, 8.625], "texture": "#0"},
				"up": {"uv": [8.25, 4.25, 8, 3.875], "texture": "#0"},
				"down": {"uv": [8.25, 5.125, 8, 5.5], "texture": "#0"}
			}
		},
		{
			"from": [7, 22, 20],
			"to": [9, 23, 23],
			"rotation": {"angle": 0, "axis": "y", "origin": [9, 22, 22]},
			"faces": {
				"north": {"uv": [1, 8.75, 1.25, 8.875], "texture": "#0"},
				"east": {"uv": [8.5, 8.5, 8.875, 8.625], "texture": "#0"},
				"south": {"uv": [1.25, 8.75, 1.5, 8.875], "texture": "#0"},
				"west": {"uv": [0, 8.625, 0.375, 8.75], "texture": "#0"},
				"up": {"uv": [8.25, 5.875, 8, 5.5], "texture": "#0"},
				"down": {"uv": [8.25, 5.875, 8, 6.25], "texture": "#0"}
			}
		},
		{
			"from": [7, 23, 21],
			"to": [9, 25, 24],
			"rotation": {"angle": 0, "axis": "y", "origin": [9, 23, 23]},
			"faces": {
				"north": {"uv": [0, 8.375, 0.25, 8.625], "texture": "#0"},
				"east": {"uv": [8, 0, 8.375, 0.25], "texture": "#0"},
				"south": {"uv": [8.375, 0, 8.625, 0.25], "texture": "#0"},
				"west": {"uv": [8, 6.25, 8.375, 6.5], "texture": "#0"},
				"up": {"uv": [8.375, 0.625, 8.125, 0.25], "texture": "#0"},
				"down": {"uv": [8.375, 2.5, 8.125, 2.875], "texture": "#0"}
			}
		},
		{
			"from": [7, 29, 21],
			"to": [9, 30, 23],
			"rotation": {"angle": 0, "axis": "y", "origin": [9, 27, 22]},
			"faces": {
				"north": {"uv": [8.75, 1.375, 9, 1.5], "texture": "#0"},
				"east": {"uv": [8.75, 1.5, 9, 1.625], "texture": "#0"},
				"south": {"uv": [1.625, 8.75, 1.875, 8.875], "texture": "#0"},
				"west": {"uv": [8.75, 1.625, 9, 1.75], "texture": "#0"},
				"up": {"uv": [0.5, 8.625, 0.25, 8.375], "texture": "#0"},
				"down": {"uv": [8.625, 0.25, 8.375, 0.5], "texture": "#0"}
			}
		},
		{
			"from": [7, 29, -2],
			"to": [9, 30, 1],
			"rotation": {"angle": 0, "axis": "y", "origin": [9, 27, -1]},
			"faces": {
				"north": {"uv": [8.875, 3, 9.125, 3.125], "texture": "#0"},
				"east": {"uv": [8.625, 2.875, 9, 3], "texture": "#0"},
				"south": {"uv": [8.875, 3.125, 9.125, 3.25], "texture": "#0"},
				"west": {"uv": [3.25, 8.625, 3.625, 8.75], "texture": "#0"},
				"up": {"uv": [8.375, 7, 8.125, 6.625], "texture": "#0"},
				"down": {"uv": [7, 8.125, 6.75, 8.5], "texture": "#0"}
			}
		},
		{
			"from": [7, 27, -1],
			"to": [9, 28, 1],
			"rotation": {"angle": 0, "axis": "y", "origin": [9, 25, -1]},
			"faces": {
				"north": {"uv": [8.875, 2.5, 9.125, 2.625], "texture": "#0"},
				"east": {"uv": [8.875, 2.625, 9.125, 2.75], "texture": "#0"},
				"south": {"uv": [2.75, 8.875, 3, 9], "texture": "#0"},
				"west": {"uv": [3, 8.875, 3.25, 9], "texture": "#0"},
				"up": {"uv": [8.75, 1.75, 8.5, 1.5], "texture": "#0"},
				"down": {"uv": [8.75, 1.75, 8.5, 2], "texture": "#0"}
			}
		},
		{
			"from": [7, 27, 15],
			"to": [9, 28, 17],
			"rotation": {"angle": 0, "axis": "y", "origin": [9, 25, 15]},
			"faces": {
				"north": {"uv": [8.875, 2.5, 9.125, 2.625], "texture": "#0"},
				"east": {"uv": [8.875, 2.625, 9.125, 2.75], "texture": "#0"},
				"south": {"uv": [2.75, 8.875, 3, 9], "texture": "#0"},
				"west": {"uv": [3, 8.875, 3.25, 9], "texture": "#0"},
				"up": {"uv": [8.75, 1.75, 8.5, 1.5], "texture": "#0"},
				"down": {"uv": [8.75, 1.75, 8.5, 2], "texture": "#0"}
			}
		},
		{
			"from": [7, 28, -1],
			"to": [9, 29, 1],
			"rotation": {"angle": 0, "axis": "y", "origin": [9, 26, -1]},
			"faces": {
				"north": {"uv": [8.875, 2, 9.125, 2.125], "texture": "#0"},
				"east": {"uv": [8.875, 2.125, 9.125, 2.25], "texture": "#0"},
				"south": {"uv": [2.25, 8.875, 2.5, 9], "texture": "#0"},
				"west": {"uv": [2.5, 8.875, 2.75, 9], "texture": "#0"},
				"up": {"uv": [0.75, 8.75, 0.5, 8.5], "texture": "#0"},
				"down": {"uv": [1, 8.5, 0.75, 8.75], "texture": "#0"}
			}
		},
		{
			"from": [7, 31, -5],
			"to": [9, 32, -1],
			"rotation": {"angle": 0, "axis": "y", "origin": [9, 29, -5]},
			"faces": {
				"north": {"uv": [4.875, 8.75, 5.125, 8.875], "texture": "#0"},
				"east": {"uv": [8.375, 3, 8.875, 3.125], "texture": "#0"},
				"south": {"uv": [8.75, 5, 9, 5.125], "texture": "#0"},
				"west": {"uv": [8.375, 3.125, 8.875, 3.25], "texture": "#0"},
				"up": {"uv": [2.5, 7.375, 2.25, 6.875], "texture": "#0"},
				"down": {"uv": [7.25, 0.25, 7, 0.75], "texture": "#0"}
			}
		},
		{
			"from": [7, 30, -6],
			"to": [9, 31, 0],
			"rotation": {"angle": 0, "axis": "y", "origin": [9, 28, -5]},
			"faces": {
				"north": {"uv": [8.75, 4.125, 9, 4.25], "texture": "#0"},
				"east": {"uv": [8.125, 0.625, 8.875, 0.75], "texture": "#0"},
				"south": {"uv": [8.75, 4.5, 9, 4.625], "texture": "#0"},
				"west": {"uv": [8.125, 4.875, 8.875, 5], "texture": "#0"},
				"up": {"uv": [3.25, 7.25, 3, 6.5], "texture": "#0"},
				"down": {"uv": [6.75, 4.25, 6.5, 5], "texture": "#0"}
			}
		},
		{
			"from": [7, 29, -7],
			"to": [9, 30, -5],
			"rotation": {"angle": 0, "axis": "y", "origin": [9, 27, -6]},
			"faces": {
				"north": {"uv": [8.75, 3.625, 9, 3.75], "texture": "#0"},
				"east": {"uv": [3.875, 8.75, 4.125, 8.875], "texture": "#0"},
				"south": {"uv": [8.75, 3.875, 9, 4], "texture": "#0"},
				"west": {"uv": [8.75, 4, 9, 4.125], "texture": "#0"},
				"up": {"uv": [8.625, 3, 8.375, 2.75], "texture": "#0"},
				"down": {"uv": [3.125, 8.375, 2.875, 8.625], "texture": "#0"}
			}
		},
		{
			"from": [7, 30, 16],
			"to": [9, 31, 22],
			"rotation": {"angle": 0, "axis": "y", "origin": [9, 28, 21]},
			"faces": {
				"north": {"uv": [3.375, 8.75, 3.625, 8.875], "texture": "#0"},
				"east": {"uv": [8, 3.625, 8.75, 3.75], "texture": "#0"},
				"south": {"uv": [8.75, 3.375, 9, 3.5], "texture": "#0"},
				"west": {"uv": [8, 6.5, 8.75, 6.625], "texture": "#0"},
				"up": {"uv": [2.75, 7.25, 2.5, 6.5], "texture": "#0"},
				"down": {"uv": [3, 6.5, 2.75, 7.25], "texture": "#0"}
			}
		},
		{
			"from": [7, 31, 17],
			"to": [9, 32, 21],
			"rotation": {"angle": 0, "axis": "y", "origin": [9, 29, 21]},
			"faces": {
				"north": {"uv": [8.75, 3.5, 9, 3.625], "texture": "#0"},
				"east": {"uv": [8.375, 2.5, 8.875, 2.625], "texture": "#0"},
				"south": {"uv": [3.625, 8.75, 3.875, 8.875], "texture": "#0"},
				"west": {"uv": [8.375, 2.625, 8.875, 2.75], "texture": "#0"},
				"up": {"uv": [2, 7.375, 1.75, 6.875], "texture": "#0"},
				"down": {"uv": [2.25, 6.875, 2, 7.375], "texture": "#0"}
			}
		},
		{
			"from": [7, 25, -8],
			"to": [9, 29, -6],
			"rotation": {"angle": 0, "axis": "y", "origin": [9, 23, -7]},
			"faces": {
				"north": {"uv": [6.75, 6.75, 7, 7.25], "texture": "#0"},
				"east": {"uv": [1, 6.875, 1.25, 7.375], "texture": "#0"},
				"south": {"uv": [1.25, 6.875, 1.5, 7.375], "texture": "#0"},
				"west": {"uv": [1.5, 6.875, 1.75, 7.375], "texture": "#0"},
				"up": {"uv": [8.625, 1.375, 8.375, 1.125], "texture": "#0"},
				"down": {"uv": [1.625, 8.375, 1.375, 8.625], "texture": "#0"}
			}
		},
		{
			"from": [7, 25, 22],
			"to": [9, 29, 24],
			"rotation": {"angle": 0, "axis": "y", "origin": [9, 23, 23]},
			"faces": {
				"north": {"uv": [6.75, 3.25, 7, 3.75], "texture": "#0"},
				"east": {"uv": [3.5, 6.75, 3.75, 7.25], "texture": "#0"},
				"south": {"uv": [3.75, 6.75, 4, 7.25], "texture": "#0"},
				"west": {"uv": [4, 6.75, 4.25, 7.25], "texture": "#0"},
				"up": {"uv": [7.25, 8.375, 7, 8.125], "texture": "#0"},
				"down": {"uv": [8.375, 7.375, 8.125, 7.625], "texture": "#0"}
			}
		},
		{
			"from": [6, 18, 13],
			"to": [10, 21, 14],
			"rotation": {"angle": 0, "axis": "y", "origin": [9, 18, 15]},
			"faces": {
				"north": {"uv": [2, 6.5, 2.5, 6.875], "texture": "#0"},
				"east": {"uv": [6.125, 8.5, 6.25, 8.875], "texture": "#0"},
				"south": {"uv": [6.5, 2.125, 7, 2.5], "texture": "#0"},
				"west": {"uv": [6.25, 8.5, 6.375, 8.875], "texture": "#0"},
				"up": {"uv": [8.75, 4, 8.25, 3.875], "texture": "#0"},
				"down": {"uv": [8.75, 4, 8.25, 4.125], "texture": "#0"}
			}
		},
		{
			"from": [4, 18, 3],
			"to": [6, 21, 5],
			"rotation": {"angle": 0, "axis": "y", "origin": [7, 18, 5]},
			"faces": {
				"north": {"uv": [7.75, 3.875, 8, 4.25], "texture": "#0"},
				"east": {"uv": [7.75, 5.125, 8, 5.5], "texture": "#0"},
				"south": {"uv": [5.25, 7.75, 5.5, 8.125], "texture": "#0"},
				"west": {"uv": [5.5, 7.75, 5.75, 8.125], "texture": "#0"},
				"up": {"uv": [8.5, 5.375, 8.25, 5.125], "texture": "#0"},
				"down": {"uv": [8.5, 5.375, 8.25, 5.625], "texture": "#0"}
			}
		},
		{
			"from": [4, 18, 11],
			"to": [6, 21, 13],
			"rotation": {"angle": 0, "axis": "y", "origin": [7, 18, 13]},
			"faces": {
				"north": {"uv": [7.75, 5.5, 8, 5.875], "texture": "#0"},
				"east": {"uv": [7.75, 6.25, 8, 6.625], "texture": "#0"},
				"south": {"uv": [7, 7.75, 7.25, 8.125], "texture": "#0"},
				"west": {"uv": [7.625, 7.75, 7.875, 8.125], "texture": "#0"},
				"up": {"uv": [8.5, 5.875, 8.25, 5.625], "texture": "#0"},
				"down": {"uv": [8.5, 5.875, 8.25, 6.125], "texture": "#0"}
			}
		},
		{
			"from": [10, 18, 3],
			"to": [12, 21, 5],
			"rotation": {"angle": 0, "axis": "y", "origin": [13, 18, 5]},
			"faces": {
				"north": {"uv": [0.5, 7.875, 0.75, 8.25], "texture": "#0"},
				"east": {"uv": [0.75, 7.875, 1, 8.25], "texture": "#0"},
				"south": {"uv": [7.875, 2.5, 8.125, 2.875], "texture": "#0"},
				"west": {"uv": [7.875, 2.875, 8.125, 3.25], "texture": "#0"},
				"up": {"uv": [7.625, 8.5, 7.375, 8.25], "texture": "#0"},
				"down": {"uv": [7.875, 8.25, 7.625, 8.5], "texture": "#0"}
			}
		},
		{
			"from": [10, 18, 11],
			"to": [12, 21, 13],
			"rotation": {"angle": 0, "axis": "y", "origin": [13, 18, 13]},
			"faces": {
				"north": {"uv": [7.875, 4.375, 8.125, 4.75], "texture": "#0"},
				"east": {"uv": [7.875, 4.75, 8.125, 5.125], "texture": "#0"},
				"south": {"uv": [7.875, 6.625, 8.125, 7], "texture": "#0"},
				"west": {"uv": [7.875, 7, 8.125, 7.375], "texture": "#0"},
				"up": {"uv": [8.125, 8.5, 7.875, 8.25], "texture": "#0"},
				"down": {"uv": [8.375, 8.25, 8.125, 8.5], "texture": "#0"}
			}
		},
		{
			"from": [7, 14, 3],
			"to": [9, 15, 5],
			"rotation": {"angle": 0, "axis": "y", "origin": [13, 14, 1]},
			"faces": {
				"north": {"uv": [4.75, 3.375, 5, 3.5], "texture": "#0"},
				"east": {"uv": [1.75, 5.75, 2, 5.875], "texture": "#0"},
				"south": {"uv": [5.75, 3.25, 6, 3.375], "texture": "#0"},
				"west": {"uv": [4.75, 5.875, 5, 6], "texture": "#0"},
				"up": {"uv": [8.5, 2, 8.25, 1.75], "texture": "#0"},
				"down": {"uv": [2.125, 8.25, 1.875, 8.5], "texture": "#0"}
			}
		},
		{
			"from": [7, 14, 11],
			"to": [9, 15, 13],
			"rotation": {"angle": 0, "axis": "y", "origin": [13, 14, 9]},
			"faces": {
				"north": {"uv": [7.75, 5.875, 8, 6], "texture": "#0"},
				"east": {"uv": [3.625, 8.625, 3.875, 8.75], "texture": "#0"},
				"south": {"uv": [3.875, 8.625, 4.125, 8.75], "texture": "#0"},
				"west": {"uv": [8.625, 4.25, 8.875, 4.375], "texture": "#0"},
				"up": {"uv": [8.5, 2.25, 8.25, 2], "texture": "#0"},
				"down": {"uv": [2.375, 8.25, 2.125, 8.5], "texture": "#0"}
			}
		},
		{
			"from": [7, 14, 13],
			"to": [9, 18, 14],
			"rotation": {"angle": 0, "axis": "y", "origin": [13, 14, 11]},
			"faces": {
				"north": {"uv": [4.25, 6.75, 4.5, 7.25], "texture": "#0"},
				"east": {"uv": [2.375, 8.25, 2.5, 8.75], "texture": "#0"},
				"south": {"uv": [6.75, 4.25, 7, 4.75], "texture": "#0"},
				"west": {"uv": [2.5, 8.25, 2.625, 8.75], "texture": "#0"},
				"up": {"uv": [8.875, 4.5, 8.625, 4.375], "texture": "#0"},
				"down": {"uv": [5.125, 8.625, 4.875, 8.75], "texture": "#0"}
			}
		},
		{
			"from": [7, 13, 13],
			"to": [9, 14, 18],
			"rotation": {"angle": 0, "axis": "y", "origin": [13, 10, 11]},
			"faces": {
				"north": {"uv": [8.625, 5.375, 8.875, 5.5], "texture": "#0"},
				"east": {"uv": [8.125, 5, 8.75, 5.125], "texture": "#0"},
				"south": {"uv": [8.625, 5.5, 8.875, 5.625], "texture": "#0"},
				"west": {"uv": [8.125, 7, 8.75, 7.125], "texture": "#0"},
				"up": {"uv": [4.75, 7.25, 4.5, 6.625], "texture": "#0"},
				"down": {"uv": [0.25, 6.75, 0, 7.375], "texture": "#0"}
			}
		},
		{
			"from": [7, 13, -2],
			"to": [9, 14, 3],
			"rotation": {"angle": 0, "axis": "y", "origin": [13, 10, -4]},
			"faces": {
				"north": {"uv": [8.625, 5.625, 8.875, 5.75], "texture": "#0"},
				"east": {"uv": [8.125, 7.125, 8.75, 7.25], "texture": "#0"},
				"south": {"uv": [8.625, 5.75, 8.875, 5.875], "texture": "#0"},
				"west": {"uv": [8.125, 7.25, 8.75, 7.375], "texture": "#0"},
				"up": {"uv": [0.5, 7.375, 0.25, 6.75], "texture": "#0"},
				"down": {"uv": [3.5, 6.75, 3.25, 7.375], "texture": "#0"}
			}
		},
		{
			"from": [7, 12, -1],
			"to": [9, 13, 2],
			"rotation": {"angle": 0, "axis": "y", "origin": [13, 9, -4]},
			"faces": {
				"north": {"uv": [8.625, 6.25, 8.875, 6.375], "texture": "#0"},
				"east": {"uv": [8.375, 4.5, 8.75, 4.625], "texture": "#0"},
				"south": {"uv": [8.625, 6.375, 8.875, 6.5], "texture": "#0"},
				"west": {"uv": [8.375, 6.875, 8.75, 7], "texture": "#0"},
				"up": {"uv": [7.5, 0.625, 7.25, 0.25], "texture": "#0"},
				"down": {"uv": [7.625, 6.75, 7.375, 7.125], "texture": "#0"}
			}
		},
		{
			"from": [7, 12, 14],
			"to": [9, 13, 17],
			"rotation": {"angle": 0, "axis": "y", "origin": [13, 9, 11]},
			"faces": {
				"north": {"uv": [8.625, 6.625, 8.875, 6.75], "texture": "#0"},
				"east": {"uv": [1.875, 8.5, 2.25, 8.625], "texture": "#0"},
				"south": {"uv": [8.625, 6.75, 8.875, 6.875], "texture": "#0"},
				"west": {"uv": [8.5, 2, 8.875, 2.125], "texture": "#0"},
				"up": {"uv": [7.625, 7.5, 7.375, 7.125], "texture": "#0"},
				"down": {"uv": [7.75, 0.25, 7.5, 0.625], "texture": "#0"}
			}
		},
		{
			"from": [7, 14, 15],
			"to": [9, 15, 18],
			"rotation": {"angle": 0, "axis": "y", "origin": [13, 11, 12]},
			"faces": {
				"north": {"uv": [7, 8.625, 7.25, 8.75], "texture": "#0"},
				"east": {"uv": [8.5, 2.125, 8.875, 2.25], "texture": "#0"},
				"south": {"uv": [8.625, 7.375, 8.875, 7.5], "texture": "#0"},
				"west": {"uv": [3.375, 8.5, 3.75, 8.625], "texture": "#0"},
				"up": {"uv": [7.625, 7.875, 7.375, 7.5], "texture": "#0"},
				"down": {"uv": [7.875, 6.625, 7.625, 7], "texture": "#0"}
			}
		},
		{
			"from": [7, 14, -2],
			"to": [9, 15, 1],
			"rotation": {"angle": 0, "axis": "y", "origin": [13, 11, -5]},
			"faces": {
				"north": {"uv": [8.625, 7.5, 8.875, 7.625], "texture": "#0"},
				"east": {"uv": [3.75, 8.5, 4.125, 8.625], "texture": "#0"},
				"south": {"uv": [8.625, 7.625, 8.875, 7.75], "texture": "#0"},
				"west": {"uv": [8.5, 3.75, 8.875, 3.875], "texture": "#0"},
				"up": {"uv": [7.875, 7.375, 7.625, 7], "texture": "#0"},
				"down": {"uv": [7.875, 7.375, 7.625, 7.75], "texture": "#0"}
			}
		},
		{
			"from": [7.5, 14, -3],
			"to": [8.5, 16, 0],
			"rotation": {"angle": 0, "axis": "y", "origin": [13.5, 12, -6]},
			"faces": {
				"north": {"uv": [0.375, 8.625, 0.5, 8.875], "texture": "#0"},
				"east": {"uv": [7, 5.75, 7.375, 6], "texture": "#0"},
				"south": {"uv": [1.5, 8.625, 1.625, 8.875], "texture": "#0"},
				"west": {"uv": [7.375, 5.75, 7.75, 6], "texture": "#0"},
				"up": {"uv": [5.25, 8.75, 5.125, 8.375], "texture": "#0"},
				"down": {"uv": [7.375, 8.375, 7.25, 8.75], "texture": "#0"}
			}
		},
		{
			"from": [7.5, 14, 16],
			"to": [8.5, 16, 19],
			"rotation": {"angle": 0, "axis": "y", "origin": [13.5, 12, 13]},
			"faces": {
				"north": {"uv": [7.75, 8.625, 7.875, 8.875], "texture": "#0"},
				"east": {"uv": [7.75, 0.25, 8.125, 0.5], "texture": "#0"},
				"south": {"uv": [8.625, 7.75, 8.75, 8], "texture": "#0"},
				"west": {"uv": [7.75, 0.5, 8.125, 0.75], "texture": "#0"},
				"up": {"uv": [2.375, 8.875, 2.25, 8.5], "texture": "#0"},
				"down": {"uv": [4.25, 8.5, 4.125, 8.875], "texture": "#0"}
			}
		},
		{
			"from": [7, 14, 2],
			"to": [9, 18, 3],
			"rotation": {"angle": 0, "axis": "y", "origin": [13, 14, 0]},
			"faces": {
				"north": {"uv": [4.75, 6.75, 5, 7.25], "texture": "#0"},
				"east": {"uv": [2.625, 8.25, 2.75, 8.75], "texture": "#0"},
				"south": {"uv": [5, 6.75, 5.25, 7.25], "texture": "#0"},
				"west": {"uv": [2.75, 8.25, 2.875, 8.75], "texture": "#0"},
				"up": {"uv": [8.875, 5.25, 8.625, 5.125], "texture": "#0"},
				"down": {"uv": [8.875, 5.25, 8.625, 5.375], "texture": "#0"}
			}
		},
		{
			"from": [6, 10, 6],
			"to": [10, 13, 10],
			"rotation": {"angle": 0, "axis": "y", "origin": [12, 10, 7]},
			"faces": {
				"north": {"uv": [0.5, 6.25, 1, 6.625], "texture": "#0"},
				"east": {"uv": [3.75, 6.25, 4.25, 6.625], "texture": "#0"},
				"south": {"uv": [4.25, 6.25, 4.75, 6.625], "texture": "#0"},
				"west": {"uv": [6.25, 6.25, 6.75, 6.625], "texture": "#0"},
				"up": {"uv": [3.75, 6.625, 3.25, 6.125], "texture": "#0"},
				"down": {"uv": [0.5, 6.25, 0, 6.75], "texture": "#0"}
			}
		},
		{
			"from": [6, 13, 10],
			"to": [10, 14, 11],
			"rotation": {"angle": 0, "axis": "y", "origin": [12, 13, 8]},
			"faces": {
				"north": {"uv": [7.25, 0.625, 7.75, 0.75], "texture": "#0"},
				"east": {"uv": [3.5, 8.875, 3.625, 9], "texture": "#0"},
				"south": {"uv": [7.625, 8.125, 8.125, 8.25], "texture": "#0"},
				"west": {"uv": [3.625, 8.875, 3.75, 9], "texture": "#0"},
				"up": {"uv": [8.625, 7.75, 8.125, 7.625], "texture": "#0"},
				"down": {"uv": [8.625, 7.75, 8.125, 7.875], "texture": "#0"}
			}
		},
		{
			"from": [6, 13, 5],
			"to": [10, 14, 6],
			"rotation": {"angle": 0, "axis": "y", "origin": [12, 13, 3]},
			"faces": {
				"north": {"uv": [8.125, 7.875, 8.625, 8], "texture": "#0"},
				"east": {"uv": [3.75, 8.875, 3.875, 9], "texture": "#0"},
				"south": {"uv": [8.125, 8, 8.625, 8.125], "texture": "#0"},
				"west": {"uv": [8.875, 3.75, 9, 3.875], "texture": "#0"},
				"up": {"uv": [8.625, 8.25, 8.125, 8.125], "texture": "#0"},
				"down": {"uv": [0.5, 8.25, 0, 8.375], "texture": "#0"}
			}
		},
		{
			"from": [10, 13, 6],
			"to": [11, 14, 10],
			"rotation": {"angle": 0, "axis": "y", "origin": [8, 13, 4]},
			"faces": {
				"north": {"uv": [3.875, 8.875, 4, 9], "texture": "#0"},
				"east": {"uv": [0.5, 8.25, 1, 8.375], "texture": "#0"},
				"south": {"uv": [4, 8.875, 4.125, 9], "texture": "#0"},
				"west": {"uv": [8.25, 0.75, 8.75, 0.875], "texture": "#0"},
				"up": {"uv": [8.375, 1.375, 8.25, 0.875], "texture": "#0"},
				"down": {"uv": [1.125, 8.25, 1, 8.75], "texture": "#0"}
			}
		},
		{
			"from": [5, 13, 6],
			"to": [6, 14, 10],
			"rotation": {"angle": 0, "axis": "y", "origin": [3, 13, 4]},
			"faces": {
				"north": {"uv": [4.125, 8.875, 4.25, 9], "texture": "#0"},
				"east": {"uv": [1.125, 8.25, 1.625, 8.375], "texture": "#0"},
				"south": {"uv": [4.25, 8.875, 4.375, 9], "texture": "#0"},
				"west": {"uv": [8.25, 1.375, 8.75, 1.5], "texture": "#0"},
				"up": {"uv": [1.75, 8.75, 1.625, 8.25], "texture": "#0"},
				"down": {"uv": [1.875, 8.25, 1.75, 8.75], "texture": "#0"}
			}
		},
		{
			"from": [3, 7, 13],
			"to": [13, 8, 14],
			"rotation": {"angle": 0, "axis": "y", "origin": [12, 7, 8]},
			"faces": {
				"north": {"uv": [6.5, 2.5, 7.75, 2.625], "texture": "#0"},
				"east": {"uv": [7.5, 6.625, 7.625, 6.75], "texture": "#0"},
				"south": {"uv": [6.5, 2.625, 7.75, 2.75], "texture": "#0"},
				"west": {"uv": [8, 4.25, 8.125, 4.375], "texture": "#0"},
				"up": {"uv": [7.75, 2.875, 6.5, 2.75], "texture": "#0"},
				"down": {"uv": [7.75, 2.875, 6.5, 3], "texture": "#0"}
			}
		},
		{
			"from": [3, 7, 2],
			"to": [13, 8, 3],
			"rotation": {"angle": 0, "axis": "y", "origin": [12, 7, -3]},
			"faces": {
				"north": {"uv": [6.5, 5, 7.75, 5.125], "texture": "#0"},
				"east": {"uv": [0.25, 8.75, 0.375, 8.875], "texture": "#0"},
				"south": {"uv": [6.5, 5.125, 7.75, 5.25], "texture": "#0"},
				"west": {"uv": [2.125, 8.75, 2.25, 8.875], "texture": "#0"},
				"up": {"uv": [7.75, 5.375, 6.5, 5.25], "texture": "#0"},
				"down": {"uv": [7.75, 5.375, 6.5, 5.5], "texture": "#0"}
			}
		},
		{
			"from": [13, 7, 3],
			"to": [14, 8, 13],
			"rotation": {"angle": 0, "axis": "y", "origin": [8, 14, 8]},
			"faces": {
				"north": {"uv": [5.125, 8.75, 5.25, 8.875], "texture": "#0"},
				"east": {"uv": [6.5, 5.5, 7.75, 5.625], "texture": "#0"},
				"south": {"uv": [7.25, 8.75, 7.375, 8.875], "texture": "#0"},
				"west": {"uv": [6.5, 5.625, 7.75, 5.75], "texture": "#0"},
				"up": {"uv": [0.625, 7.875, 0.5, 6.625], "texture": "#0"},
				"down": {"uv": [0.75, 6.625, 0.625, 7.875], "texture": "#0"}
			}
		},
		{
			"from": [2, 7, 3],
			"to": [3, 8, 13],
			"rotation": {"angle": 0, "axis": "y", "origin": [-3, 14, 8]},
			"faces": {
				"north": {"uv": [3.25, 8.875, 3.375, 9], "texture": "#0"},
				"east": {"uv": [3.25, 6.625, 4.5, 6.75], "texture": "#0"},
				"south": {"uv": [3.375, 8.875, 3.5, 9], "texture": "#0"},
				"west": {"uv": [6.25, 6.625, 7.5, 6.75], "texture": "#0"},
				"up": {"uv": [0.875, 7.875, 0.75, 6.625], "texture": "#0"},
				"down": {"uv": [1, 6.625, 0.875, 7.875], "texture": "#0"}
			}
		}
	],
	"display": {
		"thirdperson_righthand": {
			"rotation": [27, 0, 0],
			"translation": [-0.25, -1, -3.75],
			"scale": [0.5, 0.5, 0.5]
		},
		"thirdperson_lefthand": {
			"rotation": [27, 0, 0],
			"translation": [-0.25, -1, -3.75],
			"scale": [0.5, 0.5, 0.5]
		},
		"firstperson_righthand": {
			"rotation": [11, 31, 1],
			"translation": [-0.25, -1, 0.25],
			"scale": [0.3, 0.3, 0.3]
		},
		"firstperson_lefthand": {
			"rotation": [11, 31, 1],
			"translation": [-0.25, -1, 0.25],
			"scale": [0.3, 0.3, 0.3]
		},
		"ground": {
			"translation": [-0.25, 2.5, 0],
			"scale": [0.5, 0.5, 0.5]
		},
		"gui": {
			"rotation": [13, 54, 0],
			"translation": [-0.25, -3, -0.75],
			"scale": [0.4, 0.4, 0.4]
		},
		"head": {
			"rotation": [0, 89, -1],
			"translation": [0, 12, 0]
		},
		"fixed": {
			"rotation": [0, 95, 0],
			"translation": [-0.25, -4, -0.75],
			"scale": [0.5, 0.5, 0.5]
		},
		"on_shelf": {
			"rotation": [0, 95, 0],
			"translation": [-0.25, -4, -0.75],
			"scale": [0.5, 0.5, 0.5]
		}
	}
}