{
  "parent": "item/generated",
  "textures": {
    "layer0": "item/music_disc_cat"
  },
  "overrides": [
    {
      "predicate": {
        "custom_model_data": 1
      },
      "model": "item/custom/newbeginnings"
    },
    {
      "predicate": {
        "custom_model_data": 2
      },
      "model": "item/custom/traeumer"
    },
    {
      "predicate": {
        "custom_model_data": 3
      },
      "model": "item/custom/electric_serenade"
    },{
      "predicate": {
        "custom_model_data": 6
      },
      "model": "item/custom/neon_reverie"
    }
  ]
}