{
	"format_version": "1.21.6",
	"credit": "Made with Blockbench",
	"textures": {
		"0": "item/ban_hammer/texture",
		"1": "item/ban_hammer/hammer",
		"2": "item/ban_hammer/schlag_seite",
		"particle": "item/ban_hammer/texture"
	},
	"elements": [
		{
			"name": "griff",
			"from": [9.325, 2, 7.4],
			"to": [10.325, 15, 8.4],
			"rotation": {"angle": -42.5, "axis": "y", "origin": [8.325, 6, 6.4]},
			"faces": {
				"north": {"uv": [0, 0, 1, 9], "texture": "#0"},
				"east": {"uv": [1, 0, 2, 9], "texture": "#0"},
				"south": {"uv": [2, 0, 3, 9], "texture": "#0"},
				"west": {"uv": [3, 0, 4, 9], "texture": "#0"},
				"up": {"uv": [5, 1, 4, 0], "texture": "#0"},
				"down": {"uv": [5, 1, 4, 2], "texture": "#0"}
			}
		},
		{
			"name": "hammer_kopf",
			"from": [4.4, 15, 6],
			"to": [12.4, 20, 11],
			"rotation": {"angle": 0, "axis": "y", "origin": [5.4, 15, 7]},
			"faces": {
				"north": {"uv": [0, 0, 8, 5], "texture": "#1"},
				"east": {"uv": [0, 10, 5, 15], "texture": "#1"},
				"south": {"uv": [0, 0, 8, 5], "texture": "#1"},
				"west": {"uv": [5, 10, 10, 15], "texture": "#1"},
				"up": {"uv": [16, 5, 8, 0], "texture": "#1"},
				"down": {"uv": [16, 5, 8, 10], "texture": "#1"}
			}
		},
		{
			"name": "flach_kopf_1",
			"from": [4, 15.3, 6.3],
			"to": [4.4, 19.7, 10.7],
			"rotation": {"angle": 0, "axis": "y", "origin": [2.4, 17, 8.8]},
			"faces": {
				"north": {"uv": [0, 10, 0.5, 14.5], "texture": "#2"},
				"east": {"uv": [0, 0, 4.5, 4.5], "texture": "#2"},
				"south": {"uv": [10, 0, 10.5, 4.5], "texture": "#2"},
				"west": {"uv": [0, 5, 4.5, 9.5], "texture": "#2"},
				"up": {"uv": [1.5, 14.5, 1, 10], "texture": "#2"},
				"down": {"uv": [2.5, 10, 2, 14.5], "texture": "#2"}
			}
		},
		{
			"name": "flach_kopf_2",
			"from": [12.4, 15.3, 6.3],
			"to": [12.8, 19.7, 10.7],
			"rotation": {"angle": 0, "axis": "y", "origin": [10.8, 17, 8.8]},
			"faces": {
				"north": {"uv": [0, 10, 0.5, 14.5], "texture": "#2"},
				"east": {"uv": [0, 5, 4.5, 9.5], "texture": "#2"},
				"south": {"uv": [0, 10, 0.5, 14.5], "texture": "#2"},
				"west": {"uv": [5, 5, 9.5, 9.5], "texture": "#2"},
				"up": {"uv": [0.5, 14.5, 0, 10], "texture": "#2"},
				"down": {"uv": [0.5, 10, 0, 14.5], "texture": "#2"}
			}
		}
	],
	"display": {
		"thirdperson_righthand": {
			"rotation": [5, -91, -4],
			"translation": [0.5, -1.25, 0.25]
		},
		"thirdperson_lefthand": {
			"rotation": [5, -91, -4],
			"translation": [0.5, 0.5, 0.5]
		},
		"firstperson_righthand": {
			"rotation": [117.68, -87.96, 131.91],
			"translation": [-0.75, -4.25, 1]
		},
		"firstperson_lefthand": {
			"rotation": [117.68, -87.96, 131.91],
			"translation": [-0.75, -4.25, 1]
		},
		"ground": {
			"rotation": [-58.5, -15.29, -87.44],
			"translation": [0, 1.25, 0.5]
		},
		"gui": {
			"rotation": [2.21, 26.21, -31.59],
			"translation": [-2.75, -2.75, 0],
			"scale": [0.89258, 0.80664, 1]
		},
		"head": {
			"translation": [0, -5.75, 0]
		},
		"fixed": {
			"translation": [0, -2.75, 0]
		}
	}
}
