{
  "parent": "item/generated",
  "textures": {
    "layer0": "minecraft:item/bread"
  },
  "overrides": [
    {
      "predicate": {
        "custom_model_data": 10
      },
      "model": "minecraft:item/eisschoko"
    },
    {
      "predicate": {
        "custom_model_data": 9
      },
      "model": "minecraft:item/bratkartoffeln"
    },
    {
      "predicate": {
        "custom_model_data": 8
      },
      "model": "minecraft:item/kartoffelpfanne"
    },
    {
      "predicate": {
        "custom_model_data": 7
      },
      "model": "minecraft:item/pommesbox"
    },
    {
      "predicate": {
        "custom_model_data": 6
      },
      "model": "minecraft:item/schnitzel"
    },
    {
      "predicate": {
        "custom_model_data": 5
      },
      "model": "minecraft:item/eis"
    },
    {
      "predicate": {
        "custom_model_data": 4
      },
      "model": "minecraft:item/sandwitch"
    },
    {
      "predicate": {
        "custom_model_data": 3
      },
      "model": "minecraft:item/döner"
    },
    {
      "predicate": {
        "custom_model_data": 2
      },
      "model": "minecraft:item/pizza"
    },
    {
      "predicate": {
        "custom_model_data": 1
      },
      "model": "minecraft:item/pommes"
    }
  ]
}
