{
  "parent": "item/handheld",
  "textures": {
    "layer0": "minecraft:item/diamond_sword"
  },
  "overrides": [
    {
      "predicate": {
        "custom_model_data": 4
      },
      "model": "minecraft:item/messer"
    },
    {
      "predicate": {
        "custom_model_data": 3
      },
      "model": "minecraft:item/malgareths_klinge"
    },
    {
      "predicate": {
        "custom_model_data": 2
      },
      "model": "minecraft:item/trident_der_tiefe"
    },
    {
      "predicate": {
        "custom_model_data": 1
      },
      "model": "minecraft:item/feuerklinge"
    }
  ]
}