{
	"format_version": "1.21.6",
	"credit": "Made with Blockbench",
	"texture_size": [64, 64],
	"textures": {
		"0": "item/herz_des_helfers",
		"particle": "item/herz_des_helfers"
	},
	"elements": [
		{
			"from": [8, 0, 7],
			"to": [9, 1, 8],
			"rotation": {"angle": 0, "axis": "y", "origin": [8, 0, 7]},
			"faces": {
				"north": {"uv": [3.5, 11.25, 3.75, 11.5], "texture": "#0"},
				"east": {"uv": [11.25, 3.5, 11.5, 3.75], "texture": "#0"},
				"south": {"uv": [3.75, 11.25, 4, 11.5], "texture": "#0"},
				"west": {"uv": [11.25, 3.75, 11.5, 4], "texture": "#0"},
				"up": {"uv": [4.25, 11.5, 4, 11.25], "texture": "#0"},
				"down": {"uv": [11.5, 4, 11.25, 4.25], "texture": "#0"}
			}
		},
		{
			"from": [8, 1, 6],
			"to": [9, 2, 7],
			"rotation": {"angle": 0, "axis": "y", "origin": [8, 1, 6]},
			"faces": {
				"north": {"uv": [11.25, 7, 11.5, 7.25], "texture": "#0"},
				"east": {"uv": [7.25, 11.25, 7.5, 11.5], "texture": "#0"},
				"south": {"uv": [7.5, 11.25, 7.75, 11.5], "texture": "#0"},
				"west": {"uv": [7.75, 11.25, 8, 11.5], "texture": "#0"},
				"up": {"uv": [8.25, 11.5, 8, 11.25], "texture": "#0"},
				"down": {"uv": [8.5, 11.25, 8.25, 11.5], "texture": "#0"}
			}
		},
		{
			"from": [8, 2, 5],
			"to": [9, 3, 6],
			"rotation": {"angle": 0, "axis": "y", "origin": [8, 2, 5]},
			"faces": {
				"north": {"uv": [7, 11.5, 7.25, 11.75], "texture": "#0"},
				"east": {"uv": [11.5, 7, 11.75, 7.25], "texture": "#0"},
				"south": {"uv": [7.25, 11.5, 7.5, 11.75], "texture": "#0"},
				"west": {"uv": [7.5, 11.5, 7.75, 11.75], "texture": "#0"},
				"up": {"uv": [8, 11.75, 7.75, 11.5], "texture": "#0"},
				"down": {"uv": [8.25, 11.5, 8, 11.75], "texture": "#0"}
			}
		},
		{
			"from": [8, 3, 4],
			"to": [9, 4, 5],
			"rotation": {"angle": 0, "axis": "y", "origin": [8, 3, 4]},
			"faces": {
				"north": {"uv": [11.75, 3.75, 12, 4], "texture": "#0"},
				"east": {"uv": [4, 11.75, 4.25, 12], "texture": "#0"},
				"south": {"uv": [11.75, 4, 12, 4.25], "texture": "#0"},
				"west": {"uv": [4.25, 11.75, 4.5, 12], "texture": "#0"},
				"up": {"uv": [12, 4.5, 11.75, 4.25], "texture": "#0"},
				"down": {"uv": [4.75, 11.75, 4.5, 12], "texture": "#0"}
			}
		},
		{
			"from": [7, 4, 4],
			"to": [10, 5, 5],
			"rotation": {"angle": 0, "axis": "y", "origin": [8, 4, 4]},
			"faces": {
				"north": {"uv": [1.5, 11, 2.25, 11.25], "texture": "#0"},
				"east": {"uv": [11.75, 4.5, 12, 4.75], "texture": "#0"},
				"south": {"uv": [2.25, 11, 3, 11.25], "texture": "#0"},
				"west": {"uv": [4.75, 11.75, 5, 12], "texture": "#0"},
				"up": {"uv": [3.75, 11.25, 3, 11], "texture": "#0"},
				"down": {"uv": [4.5, 11, 3.75, 11.25], "texture": "#0"}
			}
		},
		{
			"from": [6, 5, 4],
			"to": [11, 6, 5],
			"rotation": {"angle": 0, "axis": "y", "origin": [8, 5, 4]},
			"faces": {
				"north": {"uv": [10, 4.5, 11.25, 4.75], "texture": "#0"},
				"east": {"uv": [11.75, 4.75, 12, 5], "texture": "#0"},
				"south": {"uv": [10, 4.75, 11.25, 5], "texture": "#0"},
				"west": {"uv": [5, 11.75, 5.25, 12], "texture": "#0"},
				"up": {"uv": [6.25, 10.25, 5, 10], "texture": "#0"},
				"down": {"uv": [11.25, 5, 10, 5.25], "texture": "#0"}
			}
		},
		{
			"from": [5, 6, 4],
			"to": [12, 7, 5],
			"rotation": {"angle": 0, "axis": "y", "origin": [8, 6, 4]},
			"faces": {
				"north": {"uv": [1.75, 8.25, 3.5, 8.5], "texture": "#0"},
				"east": {"uv": [11.75, 5, 12, 5.25], "texture": "#0"},
				"south": {"uv": [3.5, 8.25, 5.25, 8.5], "texture": "#0"},
				"west": {"uv": [5.25, 11.75, 5.5, 12], "texture": "#0"},
				"up": {"uv": [10, 4, 8.25, 3.75], "texture": "#0"},
				"down": {"uv": [10, 4, 8.25, 4.25], "texture": "#0"}
			}
		},
		{
			"from": [5, 7, 4],
			"to": [12, 8, 5],
			"rotation": {"angle": 0, "axis": "y", "origin": [8, 7, 4]},
			"faces": {
				"north": {"uv": [8.25, 4.25, 10, 4.5], "texture": "#0"},
				"east": {"uv": [11.75, 5.25, 12, 5.5], "texture": "#0"},
				"south": {"uv": [8.25, 4.5, 10, 4.75], "texture": "#0"},
				"west": {"uv": [5.5, 11.75, 5.75, 12], "texture": "#0"},
				"up": {"uv": [10, 5, 8.25, 4.75], "texture": "#0"},
				"down": {"uv": [10, 5, 8.25, 5.25], "texture": "#0"}
			}
		},
		{
			"from": [7, 3, 5],
			"to": [10, 4, 6],
			"rotation": {"angle": 0, "axis": "y", "origin": [8, 3, 5]},
			"faces": {
				"north": {"uv": [6.75, 10.75, 7.5, 11], "texture": "#0"},
				"east": {"uv": [8.25, 11.5, 8.5, 11.75], "texture": "#0"},
				"south": {"uv": [7.5, 10.75, 8.25, 11], "texture": "#0"},
				"west": {"uv": [8.5, 11.5, 8.75, 11.75], "texture": "#0"},
				"up": {"uv": [9, 11, 8.25, 10.75], "texture": "#0"},
				"down": {"uv": [11.5, 8.75, 10.75, 9], "texture": "#0"}
			}
		},
		{
			"from": [6, 4, 5],
			"to": [11, 5, 6],
			"rotation": {"angle": 0, "axis": "y", "origin": [8, 4, 5]},
			"faces": {
				"north": {"uv": [2.5, 9.5, 3.75, 9.75], "texture": "#0"},
				"east": {"uv": [8.75, 11.5, 9, 11.75], "texture": "#0"},
				"south": {"uv": [3.75, 9.5, 5, 9.75], "texture": "#0"},
				"west": {"uv": [11.5, 8.75, 11.75, 9], "texture": "#0"},
				"up": {"uv": [6.25, 9.75, 5, 9.5], "texture": "#0"},
				"down": {"uv": [10.75, 6, 9.5, 6.25], "texture": "#0"}
			}
		},
		{
			"from": [5, 5, 5],
			"to": [12, 6, 6],
			"rotation": {"angle": 0, "axis": "y", "origin": [8, 5, 5]},
			"faces": {
				"north": {"uv": [7.75, 6, 9.5, 6.25], "texture": "#0"},
				"east": {"uv": [9, 11.5, 9.25, 11.75], "texture": "#0"},
				"south": {"uv": [7, 7.75, 8.75, 8], "texture": "#0"},
				"west": {"uv": [9.25, 11.5, 9.5, 11.75], "texture": "#0"},
				"up": {"uv": [1.75, 8.25, 0, 8], "texture": "#0"},
				"down": {"uv": [3.5, 8, 1.75, 8.25], "texture": "#0"}
			}
		},
		{
			"from": [4, 6, 5],
			"to": [13, 7, 6],
			"rotation": {"angle": 0, "axis": "y", "origin": [8, 6, 5]},
			"faces": {
				"north": {"uv": [6.5, 3, 8.75, 3.25], "texture": "#0"},
				"east": {"uv": [9.5, 11.5, 9.75, 11.75], "texture": "#0"},
				"south": {"uv": [6.5, 3.25, 8.75, 3.5], "texture": "#0"},
				"west": {"uv": [9.75, 11.5, 10, 11.75], "texture": "#0"},
				"up": {"uv": [8.75, 3.75, 6.5, 3.5], "texture": "#0"},
				"down": {"uv": [6.75, 6.5, 4.5, 6.75], "texture": "#0"}
			}
		},
		{
			"from": [4, 7, 5],
			"to": [13, 8, 6],
			"rotation": {"angle": 0, "axis": "y", "origin": [8, 7, 5]},
			"faces": {
				"north": {"uv": [0, 6.75, 2.25, 7], "texture": "#0"},
				"east": {"uv": [10, 11.5, 10.25, 11.75], "texture": "#0"},
				"south": {"uv": [2.25, 6.75, 4.5, 7], "texture": "#0"},
				"west": {"uv": [11.5, 10, 11.75, 10.25], "texture": "#0"},
				"up": {"uv": [6.75, 7, 4.5, 6.75], "texture": "#0"},
				"down": {"uv": [9, 6.25, 6.75, 6.5], "texture": "#0"}
			}
		},
		{
			"from": [3, 8, 5],
			"to": [14, 9, 6],
			"rotation": {"angle": 0, "axis": "y", "origin": [8, 8, 5]},
			"faces": {
				"north": {"uv": [5.5, 5, 8.25, 5.25], "texture": "#0"},
				"east": {"uv": [10.25, 11.5, 10.5, 11.75], "texture": "#0"},
				"south": {"uv": [5.5, 5.25, 8.25, 5.5], "texture": "#0"},
				"west": {"uv": [11.5, 10.25, 11.75, 10.5], "texture": "#0"},
				"up": {"uv": [8.25, 5.75, 5.5, 5.5], "texture": "#0"},
				"down": {"uv": [2.75, 5.75, 0, 6], "texture": "#0"}
			}
		},
		{
			"from": [9, 9, 5],
			"to": [14, 10, 6],
			"rotation": {"angle": 0, "axis": "y", "origin": [8, 9, 5]},
			"faces": {
				"north": {"uv": [6.25, 9.5, 7.5, 9.75], "texture": "#0"},
				"east": {"uv": [10.5, 11.5, 10.75, 11.75], "texture": "#0"},
				"south": {"uv": [7.5, 9.5, 8.75, 9.75], "texture": "#0"},
				"west": {"uv": [11.5, 10.5, 11.75, 10.75], "texture": "#0"},
				"up": {"uv": [10, 9.75, 8.75, 9.5], "texture": "#0"},
				"down": {"uv": [10.75, 8.75, 9.5, 9], "texture": "#0"}
			}
		},
		{
			"from": [10, 10, 5],
			"to": [14, 11, 6],
			"rotation": {"angle": 0, "axis": "y", "origin": [8, 10, 5]},
			"faces": {
				"north": {"uv": [10, 8, 11, 8.25], "texture": "#0"},
				"east": {"uv": [11, 11.5, 11.25, 11.75], "texture": "#0"},
				"south": {"uv": [10, 8.25, 11, 8.5], "texture": "#0"},
				"west": {"uv": [11.5, 11, 11.75, 11.25], "texture": "#0"},
				"up": {"uv": [9.5, 10.25, 8.5, 10], "texture": "#0"},
				"down": {"uv": [11, 9, 10, 9.25], "texture": "#0"}
			}
		},
		{
			"from": [3, 10, 5],
			"to": [7, 11, 6],
			"rotation": {"angle": 0, "axis": "y", "origin": [1, 10, 5]},
			"faces": {
				"north": {"uv": [10, 9.25, 11, 9.5], "texture": "#0"},
				"east": {"uv": [11.75, 0, 12, 0.25], "texture": "#0"},
				"south": {"uv": [9.5, 10, 10.5, 10.25], "texture": "#0"},
				"west": {"uv": [0.25, 11.75, 0.5, 12], "texture": "#0"},
				"up": {"uv": [11, 9.75, 10, 9.5], "texture": "#0"},
				"down": {"uv": [11, 9.75, 10, 10], "texture": "#0"}
			}
		},
		{
			"from": [11, 11, 5],
			"to": [13, 12, 6],
			"rotation": {"angle": 0, "axis": "y", "origin": [8, 11, 5]},
			"faces": {
				"north": {"uv": [11.25, 0.5, 11.75, 0.75], "texture": "#0"},
				"east": {"uv": [11.25, 11.5, 11.5, 11.75], "texture": "#0"},
				"south": {"uv": [0.75, 11.25, 1.25, 11.5], "texture": "#0"},
				"west": {"uv": [11.5, 11.25, 11.75, 11.5], "texture": "#0"},
				"up": {"uv": [11.75, 1, 11.25, 0.75], "texture": "#0"},
				"down": {"uv": [11.75, 1, 11.25, 1.25], "texture": "#0"}
			}
		},
		{
			"from": [9, 8, 4],
			"to": [13, 9, 5],
			"rotation": {"angle": 0, "axis": "y", "origin": [8, 8, 4]},
			"faces": {
				"north": {"uv": [10.25, 1.75, 11.25, 2], "texture": "#0"},
				"east": {"uv": [11.75, 5.5, 12, 5.75], "texture": "#0"},
				"south": {"uv": [2, 10.25, 3, 10.5], "texture": "#0"},
				"west": {"uv": [5.75, 11.75, 6, 12], "texture": "#0"},
				"up": {"uv": [11.25, 2.25, 10.25, 2], "texture": "#0"},
				"down": {"uv": [11.25, 2.25, 10.25, 2.5], "texture": "#0"}
			}
		},
		{
			"from": [4, 8, 4],
			"to": [8, 9, 5],
			"rotation": {"angle": 0, "axis": "y", "origin": [3, 8, 4]},
			"faces": {
				"north": {"uv": [10.25, 2.5, 11.25, 2.75], "texture": "#0"},
				"east": {"uv": [11.75, 5.75, 12, 6], "texture": "#0"},
				"south": {"uv": [10.25, 2.75, 11.25, 3], "texture": "#0"},
				"west": {"uv": [6, 11.75, 6.25, 12], "texture": "#0"},
				"up": {"uv": [4, 10.5, 3, 10.25], "texture": "#0"},
				"down": {"uv": [11.25, 3, 10.25, 3.25], "texture": "#0"}
			}
		},
		{
			"from": [4, 9, 4],
			"to": [7, 10, 5],
			"rotation": {"angle": 0, "axis": "y", "origin": [3, 9, 4]},
			"faces": {
				"north": {"uv": [4.5, 11, 5.25, 11.25], "texture": "#0"},
				"east": {"uv": [11.75, 6, 12, 6.25], "texture": "#0"},
				"south": {"uv": [5.25, 11, 6, 11.25], "texture": "#0"},
				"west": {"uv": [6.25, 11.75, 6.5, 12], "texture": "#0"},
				"up": {"uv": [6.75, 11.25, 6, 11], "texture": "#0"},
				"down": {"uv": [7.5, 11, 6.75, 11.25], "texture": "#0"}
			}
		},
		{
			"from": [5, 10, 4],
			"to": [6, 11, 5],
			"rotation": {"angle": 0, "axis": "y", "origin": [3, 10, 4]},
			"faces": {
				"north": {"uv": [11.75, 8, 12, 8.25], "texture": "#0"},
				"east": {"uv": [8.25, 11.75, 8.5, 12], "texture": "#0"},
				"south": {"uv": [11.75, 8.25, 12, 8.5], "texture": "#0"},
				"west": {"uv": [8.5, 11.75, 8.75, 12], "texture": "#0"},
				"up": {"uv": [12, 8.75, 11.75, 8.5], "texture": "#0"},
				"down": {"uv": [9, 11.75, 8.75, 12], "texture": "#0"}
			}
		},
		{
			"from": [11, 10, 4],
			"to": [12, 11, 5],
			"rotation": {"angle": 0, "axis": "y", "origin": [9, 10, 4]},
			"faces": {
				"north": {"uv": [1.25, 12, 1.5, 12.25], "texture": "#0"},
				"east": {"uv": [1.5, 12, 1.75, 12.25], "texture": "#0"},
				"south": {"uv": [1.75, 12, 2, 12.25], "texture": "#0"},
				"west": {"uv": [2, 12, 2.25, 12.25], "texture": "#0"},
				"up": {"uv": [2.5, 12.25, 2.25, 12], "texture": "#0"},
				"down": {"uv": [2.75, 12, 2.5, 12.25], "texture": "#0"}
			}
		},
		{
			"from": [4, 9, 10],
			"to": [7, 10, 11],
			"rotation": {"angle": 0, "axis": "y", "origin": [3, 9, 10]},
			"faces": {
				"north": {"uv": [9.75, 11, 10.5, 11.25], "texture": "#0"},
				"east": {"uv": [1, 12, 1.25, 12.25], "texture": "#0"},
				"south": {"uv": [11, 9.75, 11.75, 10], "texture": "#0"},
				"west": {"uv": [12, 1, 12.25, 1.25], "texture": "#0"},
				"up": {"uv": [11.25, 11.25, 10.5, 11], "texture": "#0"},
				"down": {"uv": [0.75, 11.25, 0, 11.5], "texture": "#0"}
			}
		},
		{
			"from": [4, 8, 10],
			"to": [8, 9, 11],
			"rotation": {"angle": 0, "axis": "y", "origin": [3, 8, 10]},
			"faces": {
				"north": {"uv": [6, 10.25, 7, 10.5], "texture": "#0"},
				"east": {"uv": [0.75, 12, 1, 12.25], "texture": "#0"},
				"south": {"uv": [10.25, 6.25, 11.25, 6.5], "texture": "#0"},
				"west": {"uv": [12, 0.75, 12.25, 1], "texture": "#0"},
				"up": {"uv": [11.25, 6.75, 10.25, 6.5], "texture": "#0"},
				"down": {"uv": [11.25, 6.75, 10.25, 7], "texture": "#0"}
			}
		},
		{
			"from": [8, 3, 10],
			"to": [9, 4, 11],
			"rotation": {"angle": 0, "axis": "y", "origin": [8, 3, 10]},
			"faces": {
				"north": {"uv": [0, 12, 0.25, 12.25], "texture": "#0"},
				"east": {"uv": [12, 0, 12.25, 0.25], "texture": "#0"},
				"south": {"uv": [0.25, 12, 0.5, 12.25], "texture": "#0"},
				"west": {"uv": [12, 0.25, 12.25, 0.5], "texture": "#0"},
				"up": {"uv": [0.75, 12.25, 0.5, 12], "texture": "#0"},
				"down": {"uv": [12.25, 0.5, 12, 0.75], "texture": "#0"}
			}
		},
		{
			"from": [7, 4, 10],
			"to": [10, 5, 11],
			"rotation": {"angle": 0, "axis": "y", "origin": [8, 4, 10]},
			"faces": {
				"north": {"uv": [9, 11, 9.75, 11.25], "texture": "#0"},
				"east": {"uv": [11.75, 11.5, 12, 11.75], "texture": "#0"},
				"south": {"uv": [11, 9, 11.75, 9.25], "texture": "#0"},
				"west": {"uv": [11.75, 11.75, 12, 12], "texture": "#0"},
				"up": {"uv": [11.75, 9.5, 11, 9.25], "texture": "#0"},
				"down": {"uv": [11.75, 9.5, 11, 9.75], "texture": "#0"}
			}
		},
		{
			"from": [6, 5, 10],
			"to": [11, 6, 11],
			"rotation": {"angle": 0, "axis": "y", "origin": [8, 5, 10]},
			"faces": {
				"north": {"uv": [10, 5.25, 11.25, 5.5], "texture": "#0"},
				"east": {"uv": [11.75, 11.25, 12, 11.5], "texture": "#0"},
				"south": {"uv": [10, 5.5, 11.25, 5.75], "texture": "#0"},
				"west": {"uv": [11.5, 11.75, 11.75, 12], "texture": "#0"},
				"up": {"uv": [11.25, 6, 10, 5.75], "texture": "#0"},
				"down": {"uv": [7.5, 10, 6.25, 10.25], "texture": "#0"}
			}
		},
		{
			"from": [5, 6, 10],
			"to": [12, 7, 11],
			"rotation": {"angle": 0, "axis": "y", "origin": [8, 6, 10]},
			"faces": {
				"north": {"uv": [7, 8.25, 8.75, 8.5], "texture": "#0"},
				"east": {"uv": [11.75, 11, 12, 11.25], "texture": "#0"},
				"south": {"uv": [0, 8.5, 1.75, 8.75], "texture": "#0"},
				"west": {"uv": [11.25, 11.75, 11.5, 12], "texture": "#0"},
				"up": {"uv": [3.5, 8.75, 1.75, 8.5], "texture": "#0"},
				"down": {"uv": [5.25, 8.5, 3.5, 8.75], "texture": "#0"}
			}
		},
		{
			"from": [5, 7, 10],
			"to": [12, 8, 11],
			"rotation": {"angle": 0, "axis": "y", "origin": [8, 7, 10]},
			"faces": {
				"north": {"uv": [5.25, 8.25, 7, 8.5], "texture": "#0"},
				"east": {"uv": [11.75, 10.75, 12, 11], "texture": "#0"},
				"south": {"uv": [8.25, 5.25, 10, 5.5], "texture": "#0"},
				"west": {"uv": [11, 11.75, 11.25, 12], "texture": "#0"},
				"up": {"uv": [10, 5.75, 8.25, 5.5], "texture": "#0"},
				"down": {"uv": [10, 5.75, 8.25, 6], "texture": "#0"}
			}
		},
		{
			"from": [9, 8, 10],
			"to": [13, 9, 11],
			"rotation": {"angle": 0, "axis": "y", "origin": [8, 8, 10]},
			"faces": {
				"north": {"uv": [10.25, 3.25, 11.25, 3.5], "texture": "#0"},
				"east": {"uv": [11.75, 10.5, 12, 10.75], "texture": "#0"},
				"south": {"uv": [10.25, 3.5, 11.25, 3.75], "texture": "#0"},
				"west": {"uv": [10.75, 11.75, 11, 12], "texture": "#0"},
				"up": {"uv": [5, 10.5, 4, 10.25], "texture": "#0"},
				"down": {"uv": [6, 10.25, 5, 10.5], "texture": "#0"}
			}
		},
		{
			"from": [10, 9, 10],
			"to": [13, 10, 11],
			"rotation": {"angle": 0, "axis": "y", "origin": [9, 9, 10]},
			"faces": {
				"north": {"uv": [11, 8, 11.75, 8.25], "texture": "#0"},
				"east": {"uv": [11.75, 10.25, 12, 10.5], "texture": "#0"},
				"south": {"uv": [8.25, 11, 9, 11.25], "texture": "#0"},
				"west": {"uv": [10.5, 11.75, 10.75, 12], "texture": "#0"},
				"up": {"uv": [11.75, 8.5, 11, 8.25], "texture": "#0"},
				"down": {"uv": [11.75, 8.5, 11, 8.75], "texture": "#0"}
			}
		},
		{
			"from": [11, 10, 10],
			"to": [12, 11, 11],
			"rotation": {"angle": 0, "axis": "y", "origin": [9, 10, 10]},
			"faces": {
				"north": {"uv": [11.75, 9.5, 12, 9.75], "texture": "#0"},
				"east": {"uv": [9.75, 11.75, 10, 12], "texture": "#0"},
				"south": {"uv": [11.75, 9.75, 12, 10], "texture": "#0"},
				"west": {"uv": [10, 11.75, 10.25, 12], "texture": "#0"},
				"up": {"uv": [12, 10.25, 11.75, 10], "texture": "#0"},
				"down": {"uv": [10.5, 11.75, 10.25, 12], "texture": "#0"}
			}
		},
		{
			"from": [5, 10, 10],
			"to": [6, 11, 11],
			"rotation": {"angle": 0, "axis": "y", "origin": [3, 10, 10]},
			"faces": {
				"north": {"uv": [11.75, 8.75, 12, 9], "texture": "#0"},
				"east": {"uv": [9, 11.75, 9.25, 12], "texture": "#0"},
				"south": {"uv": [11.75, 9, 12, 9.25], "texture": "#0"},
				"west": {"uv": [9.25, 11.75, 9.5, 12], "texture": "#0"},
				"up": {"uv": [12, 9.5, 11.75, 9.25], "texture": "#0"},
				"down": {"uv": [9.75, 11.75, 9.5, 12], "texture": "#0"}
			}
		},
		{
			"from": [10, 9, 4],
			"to": [13, 10, 5],
			"rotation": {"angle": 0, "axis": "y", "origin": [9, 9, 4]},
			"faces": {
				"north": {"uv": [11, 7.25, 11.75, 7.5], "texture": "#0"},
				"east": {"uv": [11.75, 6.25, 12, 6.5], "texture": "#0"},
				"south": {"uv": [7.5, 11, 8.25, 11.25], "texture": "#0"},
				"west": {"uv": [6.5, 11.75, 6.75, 12], "texture": "#0"},
				"up": {"uv": [11.75, 7.75, 11, 7.5], "texture": "#0"},
				"down": {"uv": [11.75, 7.75, 11, 8], "texture": "#0"}
			}
		},
		{
			"from": [4, 11, 5],
			"to": [6, 12, 6],
			"rotation": {"angle": 0, "axis": "y", "origin": [1, 11, 5]},
			"faces": {
				"north": {"uv": [1.25, 11.25, 1.75, 11.5], "texture": "#0"},
				"east": {"uv": [11.5, 11.5, 11.75, 11.75], "texture": "#0"},
				"south": {"uv": [11.25, 1.25, 11.75, 1.5], "texture": "#0"},
				"west": {"uv": [0, 11.75, 0.25, 12], "texture": "#0"},
				"up": {"uv": [11.75, 1.75, 11.25, 1.5], "texture": "#0"},
				"down": {"uv": [2.25, 11.25, 1.75, 11.5], "texture": "#0"}
			}
		},
		{
			"from": [3, 10, 9],
			"to": [7, 11, 10],
			"rotation": {"angle": 0, "axis": "y", "origin": [1, 10, 9]},
			"faces": {
				"north": {"uv": [10, 7.25, 11, 7.5], "texture": "#0"},
				"east": {"uv": [3.25, 11.25, 3.5, 11.5], "texture": "#0"},
				"south": {"uv": [7.5, 10, 8.5, 10.25], "texture": "#0"},
				"west": {"uv": [11.25, 3.25, 11.5, 3.5], "texture": "#0"},
				"up": {"uv": [11, 7.75, 10, 7.5], "texture": "#0"},
				"down": {"uv": [11, 7.75, 10, 8], "texture": "#0"}
			}
		},
		{
			"from": [3, 9, 9],
			"to": [8, 10, 10],
			"rotation": {"angle": 0, "axis": "y", "origin": [2, 9, 9]},
			"faces": {
				"north": {"uv": [3.75, 10, 5, 10.25], "texture": "#0"},
				"east": {"uv": [11.75, 3.5, 12, 3.75], "texture": "#0"},
				"south": {"uv": [10, 3.75, 11.25, 4], "texture": "#0"},
				"west": {"uv": [3.75, 11.75, 4, 12], "texture": "#0"},
				"up": {"uv": [11.25, 4.25, 10, 4], "texture": "#0"},
				"down": {"uv": [11.25, 4.25, 10, 4.5], "texture": "#0"}
			}
		},
		{
			"from": [8, 2, 9],
			"to": [9, 3, 10],
			"rotation": {"angle": 0, "axis": "y", "origin": [8, 2, 9]},
			"faces": {
				"north": {"uv": [11.75, 2.75, 12, 3], "texture": "#0"},
				"east": {"uv": [3, 11.75, 3.25, 12], "texture": "#0"},
				"south": {"uv": [11.75, 3, 12, 3.25], "texture": "#0"},
				"west": {"uv": [3.25, 11.75, 3.5, 12], "texture": "#0"},
				"up": {"uv": [12, 3.5, 11.75, 3.25], "texture": "#0"},
				"down": {"uv": [3.75, 11.75, 3.5, 12], "texture": "#0"}
			}
		},
		{
			"from": [7, 3, 9],
			"to": [10, 4, 10],
			"rotation": {"angle": 0, "axis": "y", "origin": [8, 3, 9]},
			"faces": {
				"north": {"uv": [9, 10.75, 9.75, 11], "texture": "#0"},
				"east": {"uv": [11.75, 2.5, 12, 2.75], "texture": "#0"},
				"south": {"uv": [10.5, 10.75, 11.25, 11], "texture": "#0"},
				"west": {"uv": [2.75, 11.75, 3, 12], "texture": "#0"},
				"up": {"uv": [0.75, 11.25, 0, 11], "texture": "#0"},
				"down": {"uv": [1.5, 11, 0.75, 11.25], "texture": "#0"}
			}
		},
		{
			"from": [6, 4, 9],
			"to": [11, 5, 10],
			"rotation": {"angle": 0, "axis": "y", "origin": [8, 4, 9]},
			"faces": {
				"north": {"uv": [8.75, 9.75, 10, 10], "texture": "#0"},
				"east": {"uv": [11.75, 2.25, 12, 2.5], "texture": "#0"},
				"south": {"uv": [0, 10, 1.25, 10.25], "texture": "#0"},
				"west": {"uv": [2.5, 11.75, 2.75, 12], "texture": "#0"},
				"up": {"uv": [2.5, 10.25, 1.25, 10], "texture": "#0"},
				"down": {"uv": [3.75, 10, 2.5, 10.25], "texture": "#0"}
			}
		},
		{
			"from": [5, 5, 9],
			"to": [12, 6, 10],
			"rotation": {"angle": 0, "axis": "y", "origin": [8, 5, 9]},
			"faces": {
				"north": {"uv": [3.5, 8, 5.25, 8.25], "texture": "#0"},
				"east": {"uv": [11.75, 2, 12, 2.25], "texture": "#0"},
				"south": {"uv": [5.25, 8, 7, 8.25], "texture": "#0"},
				"west": {"uv": [2.25, 11.75, 2.5, 12], "texture": "#0"},
				"up": {"uv": [8.75, 8.25, 7, 8], "texture": "#0"},
				"down": {"uv": [1.75, 8.25, 0, 8.5], "texture": "#0"}
			}
		},
		{
			"from": [4, 6, 9],
			"to": [13, 7, 10],
			"rotation": {"angle": 0, "axis": "y", "origin": [8, 6, 9]},
			"faces": {
				"north": {"uv": [7, 0.25, 9.25, 0.5], "texture": "#0"},
				"east": {"uv": [11.75, 1.75, 12, 2], "texture": "#0"},
				"south": {"uv": [7, 0.5, 9.25, 0.75], "texture": "#0"},
				"west": {"uv": [2, 11.75, 2.25, 12], "texture": "#0"},
				"up": {"uv": [9.25, 1, 7, 0.75], "texture": "#0"},
				"down": {"uv": [9.25, 1, 7, 1.25], "texture": "#0"}
			}
		},
		{
			"from": [4, 7, 9],
			"to": [13, 8, 10],
			"rotation": {"angle": 0, "axis": "y", "origin": [8, 7, 9]},
			"faces": {
				"north": {"uv": [6.75, 6.5, 9, 6.75], "texture": "#0"},
				"east": {"uv": [11.75, 1.5, 12, 1.75], "texture": "#0"},
				"south": {"uv": [6.75, 6.75, 9, 7], "texture": "#0"},
				"west": {"uv": [1.75, 11.75, 2, 12], "texture": "#0"},
				"up": {"uv": [2.25, 7.25, 0, 7], "texture": "#0"},
				"down": {"uv": [9.25, 0, 7, 0.25], "texture": "#0"}
			}
		},
		{
			"from": [3, 8, 9],
			"to": [14, 9, 10],
			"rotation": {"angle": 0, "axis": "y", "origin": [8, 8, 9]},
			"faces": {
				"north": {"uv": [2.75, 5.75, 5.5, 6], "texture": "#0"},
				"east": {"uv": [11.75, 1.25, 12, 1.5], "texture": "#0"},
				"south": {"uv": [5.5, 5.75, 8.25, 6], "texture": "#0"},
				"west": {"uv": [1.5, 11.75, 1.75, 12], "texture": "#0"},
				"up": {"uv": [2.75, 6.25, 0, 6], "texture": "#0"},
				"down": {"uv": [5.5, 6, 2.75, 6.25], "texture": "#0"}
			}
		},
		{
			"from": [9, 9, 9],
			"to": [14, 10, 10],
			"rotation": {"angle": 0, "axis": "y", "origin": [8, 9, 9]},
			"faces": {
				"north": {"uv": [5, 9.75, 6.25, 10], "texture": "#0"},
				"east": {"uv": [11.75, 1, 12, 1.25], "texture": "#0"},
				"south": {"uv": [6.25, 9.75, 7.5, 10], "texture": "#0"},
				"west": {"uv": [1.25, 11.75, 1.5, 12], "texture": "#0"},
				"up": {"uv": [8.75, 10, 7.5, 9.75], "texture": "#0"},
				"down": {"uv": [11, 8.5, 9.75, 8.75], "texture": "#0"}
			}
		},
		{
			"from": [10, 10, 9],
			"to": [14, 11, 10],
			"rotation": {"angle": 0, "axis": "y", "origin": [8, 10, 9]},
			"faces": {
				"north": {"uv": [0, 10.25, 1, 10.5], "texture": "#0"},
				"east": {"uv": [11.75, 0.75, 12, 1], "texture": "#0"},
				"south": {"uv": [1, 10.25, 2, 10.5], "texture": "#0"},
				"west": {"uv": [1, 11.75, 1.25, 12], "texture": "#0"},
				"up": {"uv": [11.25, 1.5, 10.25, 1.25], "texture": "#0"},
				"down": {"uv": [11.25, 1.5, 10.25, 1.75], "texture": "#0"}
			}
		},
		{
			"from": [11, 11, 9],
			"to": [13, 12, 10],
			"rotation": {"angle": 0, "axis": "y", "origin": [8, 11, 9]},
			"faces": {
				"north": {"uv": [11.25, 2.5, 11.75, 2.75], "texture": "#0"},
				"east": {"uv": [11.75, 0.5, 12, 0.75], "texture": "#0"},
				"south": {"uv": [2.75, 11.25, 3.25, 11.5], "texture": "#0"},
				"west": {"uv": [0.75, 11.75, 1, 12], "texture": "#0"},
				"up": {"uv": [11.75, 3, 11.25, 2.75], "texture": "#0"},
				"down": {"uv": [11.75, 3, 11.25, 3.25], "texture": "#0"}
			}
		},
		{
			"from": [4, 11, 9],
			"to": [6, 12, 10],
			"rotation": {"angle": 0, "axis": "y", "origin": [1, 11, 9]},
			"faces": {
				"north": {"uv": [11.25, 1.75, 11.75, 2], "texture": "#0"},
				"east": {"uv": [11.75, 0.25, 12, 0.5], "texture": "#0"},
				"south": {"uv": [11.25, 2, 11.75, 2.25], "texture": "#0"},
				"west": {"uv": [0.5, 11.75, 0.75, 12], "texture": "#0"},
				"up": {"uv": [2.75, 11.5, 2.25, 11.25], "texture": "#0"},
				"down": {"uv": [11.75, 2.25, 11.25, 2.5], "texture": "#0"}
			}
		},
		{
			"from": [3, 9, 5],
			"to": [8, 10, 6],
			"rotation": {"angle": 0, "axis": "y", "origin": [2, 9, 5]},
			"faces": {
				"north": {"uv": [0, 9.75, 1.25, 10], "texture": "#0"},
				"east": {"uv": [10.75, 11.5, 11, 11.75], "texture": "#0"},
				"south": {"uv": [1.25, 9.75, 2.5, 10], "texture": "#0"},
				"west": {"uv": [11.5, 10.75, 11.75, 11], "texture": "#0"},
				"up": {"uv": [3.75, 10, 2.5, 9.75], "texture": "#0"},
				"down": {"uv": [5, 9.75, 3.75, 10], "texture": "#0"}
			}
		},
		{
			"from": [7, 1, 7],
			"to": [10, 2, 8],
			"rotation": {"angle": 0, "axis": "y", "origin": [8, 1, 7]},
			"faces": {
				"north": {"uv": [7, 10.25, 7.75, 10.5], "texture": "#0"},
				"east": {"uv": [4.25, 11.25, 4.5, 11.5], "texture": "#0"},
				"south": {"uv": [7.75, 10.25, 8.5, 10.5], "texture": "#0"},
				"west": {"uv": [11.25, 4.25, 11.5, 4.5], "texture": "#0"},
				"up": {"uv": [9.25, 10.5, 8.5, 10.25], "texture": "#0"},
				"down": {"uv": [10, 10.25, 9.25, 10.5], "texture": "#0"}
			}
		},
		{
			"from": [7, 2, 6],
			"to": [10, 3, 7],
			"rotation": {"angle": 0, "axis": "y", "origin": [8, 2, 6]},
			"faces": {
				"north": {"uv": [2.25, 10.5, 3, 10.75], "texture": "#0"},
				"east": {"uv": [8.5, 11.25, 8.75, 11.5], "texture": "#0"},
				"south": {"uv": [3, 10.5, 3.75, 10.75], "texture": "#0"},
				"west": {"uv": [8.75, 11.25, 9, 11.5], "texture": "#0"},
				"up": {"uv": [4.5, 10.75, 3.75, 10.5], "texture": "#0"},
				"down": {"uv": [5.25, 10.5, 4.5, 10.75], "texture": "#0"}
			}
		},
		{
			"from": [6, 2, 7],
			"to": [11, 3, 8],
			"rotation": {"angle": 0, "axis": "y", "origin": [8, 2, 7]},
			"faces": {
				"north": {"uv": [4.5, 8.75, 5.75, 9], "texture": "#0"},
				"east": {"uv": [4.5, 11.25, 4.75, 11.5], "texture": "#0"},
				"south": {"uv": [5.75, 8.75, 7, 9], "texture": "#0"},
				"west": {"uv": [11.25, 4.5, 11.5, 4.75], "texture": "#0"},
				"up": {"uv": [8.25, 9, 7, 8.75], "texture": "#0"},
				"down": {"uv": [10, 7.25, 8.75, 7.5], "texture": "#0"}
			}
		},
		{
			"from": [6, 3, 6],
			"to": [11, 4, 7],
			"rotation": {"angle": 0, "axis": "y", "origin": [8, 3, 6]},
			"faces": {
				"north": {"uv": [3.75, 9, 5, 9.25], "texture": "#0"},
				"east": {"uv": [9, 11.25, 9.25, 11.5], "texture": "#0"},
				"south": {"uv": [5, 9, 6.25, 9.25], "texture": "#0"},
				"west": {"uv": [9.25, 11.25, 9.5, 11.5], "texture": "#0"},
				"up": {"uv": [7.5, 9.25, 6.25, 9], "texture": "#0"},
				"down": {"uv": [10.25, 6.25, 9, 6.5], "texture": "#0"}
			}
		},
		{
			"from": [5, 4, 6],
			"to": [12, 5, 7],
			"rotation": {"angle": 0, "axis": "y", "origin": [8, 4, 6]},
			"faces": {
				"north": {"uv": [3.5, 7.5, 5.25, 7.75], "texture": "#0"},
				"east": {"uv": [9.5, 11.25, 9.75, 11.5], "texture": "#0"},
				"south": {"uv": [5.25, 7.5, 7, 7.75], "texture": "#0"},
				"west": {"uv": [9.75, 11.25, 10, 11.5], "texture": "#0"},
				"up": {"uv": [8.75, 7.75, 7, 7.5], "texture": "#0"},
				"down": {"uv": [9.25, 7, 7.5, 7.25], "texture": "#0"}
			}
		},
		{
			"from": [4, 5, 6],
			"to": [13, 6, 7],
			"rotation": {"angle": 0, "axis": "y", "origin": [8, 5, 6]},
			"faces": {
				"north": {"uv": [4.5, 6.25, 6.75, 6.5], "texture": "#0"},
				"east": {"uv": [10, 11.25, 10.25, 11.5], "texture": "#0"},
				"south": {"uv": [0, 6.5, 2.25, 6.75], "texture": "#0"},
				"west": {"uv": [11.25, 10, 11.5, 10.25], "texture": "#0"},
				"up": {"uv": [8.75, 1.75, 6.5, 1.5], "texture": "#0"},
				"down": {"uv": [8.75, 1.75, 6.5, 2], "texture": "#0"}
			}
		},
		{
			"from": [3, 6, 6],
			"to": [14, 7, 7],
			"rotation": {"angle": 0, "axis": "y", "origin": [8, 6, 6]},
			"faces": {
				"north": {"uv": [0, 4.25, 2.75, 4.5], "texture": "#0"},
				"east": {"uv": [10.25, 11.25, 10.5, 11.5], "texture": "#0"},
				"south": {"uv": [2.75, 4.25, 5.5, 4.5], "texture": "#0"},
				"west": {"uv": [11.25, 10.25, 11.5, 10.5], "texture": "#0"},
				"up": {"uv": [2.75, 4.75, 0, 4.5], "texture": "#0"},
				"down": {"uv": [5.5, 4.5, 2.75, 4.75], "texture": "#0"}
			}
		},
		{
			"from": [3, 7, 6],
			"to": [14, 8, 7],
			"rotation": {"angle": 0, "axis": "y", "origin": [8, 7, 6]},
			"faces": {
				"north": {"uv": [0, 4.75, 2.75, 5], "texture": "#0"},
				"east": {"uv": [10.5, 11.25, 10.75, 11.5], "texture": "#0"},
				"south": {"uv": [2.75, 4.75, 5.5, 5], "texture": "#0"},
				"west": {"uv": [11.25, 10.5, 11.5, 10.75], "texture": "#0"},
				"up": {"uv": [2.75, 5.25, 0, 5], "texture": "#0"},
				"down": {"uv": [5.5, 5, 2.75, 5.25], "texture": "#0"}
			}
		},
		{
			"from": [2, 8, 6],
			"to": [15, 9, 7],
			"rotation": {"angle": 0, "axis": "y", "origin": [8, 8, 6]},
			"faces": {
				"north": {"uv": [3.25, 1.5, 6.5, 1.75], "texture": "#0"},
				"east": {"uv": [10.75, 11.25, 11, 11.5], "texture": "#0"},
				"south": {"uv": [3.25, 1.75, 6.5, 2], "texture": "#0"},
				"west": {"uv": [11.25, 10.75, 11.5, 11], "texture": "#0"},
				"up": {"uv": [6.5, 2.25, 3.25, 2], "texture": "#0"},
				"down": {"uv": [6.5, 2.25, 3.25, 2.5], "texture": "#0"}
			}
		},
		{
			"from": [2, 9, 6],
			"to": [15, 10, 7],
			"rotation": {"angle": 0, "axis": "y", "origin": [8, 9, 6]},
			"faces": {
				"north": {"uv": [3.25, 3, 6.5, 3.25], "texture": "#0"},
				"east": {"uv": [11, 11.25, 11.25, 11.5], "texture": "#0"},
				"south": {"uv": [3.25, 3.25, 6.5, 3.5], "texture": "#0"},
				"west": {"uv": [11.25, 11, 11.5, 11.25], "texture": "#0"},
				"up": {"uv": [3.25, 3.75, 0, 3.5], "texture": "#0"},
				"down": {"uv": [6.5, 3.5, 3.25, 3.75], "texture": "#0"}
			}
		},
		{
			"from": [2, 10, 6],
			"to": [8, 11, 7],
			"rotation": {"angle": 0, "axis": "y", "origin": [8, 10, 6]},
			"faces": {
				"north": {"uv": [5.25, 8.5, 6.75, 8.75], "texture": "#0"},
				"east": {"uv": [11.25, 11.25, 11.5, 11.5], "texture": "#0"},
				"south": {"uv": [6.75, 8.5, 8.25, 8.75], "texture": "#0"},
				"west": {"uv": [0, 11.5, 0.25, 11.75], "texture": "#0"},
				"up": {"uv": [9.75, 8.75, 8.25, 8.5], "texture": "#0"},
				"down": {"uv": [1.5, 8.75, 0, 9], "texture": "#0"}
			}
		},
		{
			"from": [9, 10, 6],
			"to": [15, 11, 7],
			"rotation": {"angle": 0, "axis": "y", "origin": [15, 10, 6]},
			"faces": {
				"north": {"uv": [8.75, 1.25, 10.25, 1.5], "texture": "#0"},
				"east": {"uv": [11.5, 0, 11.75, 0.25], "texture": "#0"},
				"south": {"uv": [1.5, 8.75, 3, 9], "texture": "#0"},
				"west": {"uv": [0.25, 11.5, 0.5, 11.75], "texture": "#0"},
				"up": {"uv": [10.25, 1.75, 8.75, 1.5], "texture": "#0"},
				"down": {"uv": [10.25, 1.75, 8.75, 2], "texture": "#0"}
			}
		},
		{
			"from": [10, 11, 6],
			"to": [15, 12, 7],
			"rotation": {"angle": 0, "axis": "y", "origin": [15, 11, 6]},
			"faces": {
				"north": {"uv": [9, 6.5, 10.25, 6.75], "texture": "#0"},
				"east": {"uv": [11.5, 0.25, 11.75, 0.5], "texture": "#0"},
				"south": {"uv": [9, 6.75, 10.25, 7], "texture": "#0"},
				"west": {"uv": [0.5, 11.5, 0.75, 11.75], "texture": "#0"},
				"up": {"uv": [8.75, 9.25, 7.5, 9], "texture": "#0"},
				"down": {"uv": [10, 9, 8.75, 9.25], "texture": "#0"}
			}
		},
		{
			"from": [2, 11, 6],
			"to": [7, 12, 7],
			"rotation": {"angle": 0, "axis": "y", "origin": [7, 11, 6]},
			"faces": {
				"north": {"uv": [0, 9.25, 1.25, 9.5], "texture": "#0"},
				"east": {"uv": [1.25, 11.5, 1.5, 11.75], "texture": "#0"},
				"south": {"uv": [9.25, 0, 10.5, 0.25], "texture": "#0"},
				"west": {"uv": [1.5, 11.5, 1.75, 11.75], "texture": "#0"},
				"up": {"uv": [10.5, 0.5, 9.25, 0.25], "texture": "#0"},
				"down": {"uv": [10.5, 0.5, 9.25, 0.75], "texture": "#0"}
			}
		},
		{
			"from": [11, 12, 6],
			"to": [14, 13, 7],
			"rotation": {"angle": 0, "axis": "y", "origin": [15, 12, 6]},
			"faces": {
				"north": {"uv": [5.25, 10.5, 6, 10.75], "texture": "#0"},
				"east": {"uv": [0.75, 11.5, 1, 11.75], "texture": "#0"},
				"south": {"uv": [6, 10.5, 6.75, 10.75], "texture": "#0"},
				"west": {"uv": [1, 11.5, 1.25, 11.75], "texture": "#0"},
				"up": {"uv": [7.5, 10.75, 6.75, 10.5], "texture": "#0"},
				"down": {"uv": [11.25, 7, 10.5, 7.25], "texture": "#0"}
			}
		},
		{
			"from": [3, 12, 6],
			"to": [6, 13, 7],
			"rotation": {"angle": 0, "axis": "y", "origin": [7, 12, 6]},
			"faces": {
				"north": {"uv": [7.5, 10.5, 8.25, 10.75], "texture": "#0"},
				"east": {"uv": [1.75, 11.5, 2, 11.75], "texture": "#0"},
				"south": {"uv": [8.25, 10.5, 9, 10.75], "texture": "#0"},
				"west": {"uv": [2, 11.5, 2.25, 11.75], "texture": "#0"},
				"up": {"uv": [9.75, 10.75, 9, 10.5], "texture": "#0"},
				"down": {"uv": [11.25, 10, 10.5, 10.25], "texture": "#0"}
			}
		},
		{
			"from": [2, 11, 8],
			"to": [7, 12, 9],
			"rotation": {"angle": 0, "axis": "y", "origin": [7, 11, 8]},
			"faces": {
				"north": {"uv": [7.5, 9.25, 8.75, 9.5], "texture": "#0"},
				"east": {"uv": [6.75, 11.5, 7, 11.75], "texture": "#0"},
				"south": {"uv": [8.75, 9.25, 10, 9.5], "texture": "#0"},
				"west": {"uv": [11.5, 6.75, 11.75, 7], "texture": "#0"},
				"up": {"uv": [1.25, 9.75, 0, 9.5], "texture": "#0"},
				"down": {"uv": [2.5, 9.5, 1.25, 9.75], "texture": "#0"}
			}
		},
		{
			"from": [2, 10, 8],
			"to": [8, 11, 9],
			"rotation": {"angle": 0, "axis": "y", "origin": [8, 10, 8]},
			"faces": {
				"north": {"uv": [3, 8.75, 4.5, 9], "texture": "#0"},
				"east": {"uv": [6.5, 11.5, 6.75, 11.75], "texture": "#0"},
				"south": {"uv": [8.75, 3, 10.25, 3.25], "texture": "#0"},
				"west": {"uv": [11.5, 6.5, 11.75, 6.75], "texture": "#0"},
				"up": {"uv": [10.25, 3.5, 8.75, 3.25], "texture": "#0"},
				"down": {"uv": [10.25, 3.5, 8.75, 3.75], "texture": "#0"}
			}
		},
		{
			"from": [8, 1, 8],
			"to": [9, 2, 9],
			"rotation": {"angle": 0, "axis": "y", "origin": [8, 1, 8]},
			"faces": {
				"north": {"uv": [5.75, 11.5, 6, 11.75], "texture": "#0"},
				"east": {"uv": [11.5, 5.75, 11.75, 6], "texture": "#0"},
				"south": {"uv": [6, 11.5, 6.25, 11.75], "texture": "#0"},
				"west": {"uv": [11.5, 6, 11.75, 6.25], "texture": "#0"},
				"up": {"uv": [6.5, 11.75, 6.25, 11.5], "texture": "#0"},
				"down": {"uv": [11.75, 6.25, 11.5, 6.5], "texture": "#0"}
			}
		},
		{
			"from": [7, 2, 8],
			"to": [10, 3, 9],
			"rotation": {"angle": 0, "axis": "y", "origin": [8, 2, 8]},
			"faces": {
				"north": {"uv": [4.5, 10.75, 5.25, 11], "texture": "#0"},
				"east": {"uv": [5.5, 11.5, 5.75, 11.75], "texture": "#0"},
				"south": {"uv": [5.25, 10.75, 6, 11], "texture": "#0"},
				"west": {"uv": [11.5, 5.5, 11.75, 5.75], "texture": "#0"},
				"up": {"uv": [6.75, 11, 6, 10.75], "texture": "#0"},
				"down": {"uv": [11.5, 6, 10.75, 6.25], "texture": "#0"}
			}
		},
		{
			"from": [6, 3, 8],
			"to": [11, 4, 9],
			"rotation": {"angle": 0, "axis": "y", "origin": [8, 3, 8]},
			"faces": {
				"north": {"uv": [3.75, 9.25, 5, 9.5], "texture": "#0"},
				"east": {"uv": [5.25, 11.5, 5.5, 11.75], "texture": "#0"},
				"south": {"uv": [5, 9.25, 6.25, 9.5], "texture": "#0"},
				"west": {"uv": [11.5, 5.25, 11.75, 5.5], "texture": "#0"},
				"up": {"uv": [7.5, 9.5, 6.25, 9.25], "texture": "#0"},
				"down": {"uv": [10.5, 7, 9.25, 7.25], "texture": "#0"}
			}
		},
		{
			"from": [5, 4, 8],
			"to": [12, 5, 9],
			"rotation": {"angle": 0, "axis": "y", "origin": [8, 4, 8]},
			"faces": {
				"north": {"uv": [0, 7.75, 1.75, 8], "texture": "#0"},
				"east": {"uv": [5, 11.5, 5.25, 11.75], "texture": "#0"},
				"south": {"uv": [1.75, 7.75, 3.5, 8], "texture": "#0"},
				"west": {"uv": [11.5, 5, 11.75, 5.25], "texture": "#0"},
				"up": {"uv": [5.25, 8, 3.5, 7.75], "texture": "#0"},
				"down": {"uv": [7, 7.75, 5.25, 8], "texture": "#0"}
			}
		},
		{
			"from": [4, 5, 8],
			"to": [13, 6, 9],
			"rotation": {"angle": 0, "axis": "y", "origin": [8, 5, 8]},
			"faces": {
				"north": {"uv": [6.5, 2, 8.75, 2.25], "texture": "#0"},
				"east": {"uv": [4.75, 11.5, 5, 11.75], "texture": "#0"},
				"south": {"uv": [2.25, 6.5, 4.5, 6.75], "texture": "#0"},
				"west": {"uv": [11.5, 4.75, 11.75, 5], "texture": "#0"},
				"up": {"uv": [8.75, 2.5, 6.5, 2.25], "texture": "#0"},
				"down": {"uv": [8.75, 2.75, 6.5, 3], "texture": "#0"}
			}
		},
		{
			"from": [3, 6, 8],
			"to": [14, 7, 9],
			"rotation": {"angle": 0, "axis": "y", "origin": [8, 6, 8]},
			"faces": {
				"north": {"uv": [5.5, 4, 8.25, 4.25], "texture": "#0"},
				"east": {"uv": [4.5, 11.5, 4.75, 11.75], "texture": "#0"},
				"south": {"uv": [5.5, 4.25, 8.25, 4.5], "texture": "#0"},
				"west": {"uv": [11.5, 4.5, 11.75, 4.75], "texture": "#0"},
				"up": {"uv": [8.25, 4.75, 5.5, 4.5], "texture": "#0"},
				"down": {"uv": [8.25, 4.75, 5.5, 5], "texture": "#0"}
			}
		},
		{
			"from": [3, 7, 8],
			"to": [14, 8, 9],
			"rotation": {"angle": 0, "axis": "y", "origin": [8, 7, 8]},
			"faces": {
				"north": {"uv": [0, 5.25, 2.75, 5.5], "texture": "#0"},
				"east": {"uv": [4.25, 11.5, 4.5, 11.75], "texture": "#0"},
				"south": {"uv": [2.75, 5.25, 5.5, 5.5], "texture": "#0"},
				"west": {"uv": [11.5, 4.25, 11.75, 4.5], "texture": "#0"},
				"up": {"uv": [2.75, 5.75, 0, 5.5], "texture": "#0"},
				"down": {"uv": [5.5, 5.5, 2.75, 5.75], "texture": "#0"}
			}
		},
		{
			"from": [2, 8, 8],
			"to": [15, 9, 9],
			"rotation": {"angle": 0, "axis": "y", "origin": [8, 8, 8]},
			"faces": {
				"north": {"uv": [3.75, 0.75, 7, 1], "texture": "#0"},
				"east": {"uv": [4, 11.5, 4.25, 11.75], "texture": "#0"},
				"south": {"uv": [3.75, 1, 7, 1.25], "texture": "#0"},
				"west": {"uv": [11.5, 4, 11.75, 4.25], "texture": "#0"},
				"up": {"uv": [7, 1.5, 3.75, 1.25], "texture": "#0"},
				"down": {"uv": [7, 2.5, 3.75, 2.75], "texture": "#0"}
			}
		},
		{
			"from": [2, 9, 8],
			"to": [15, 10, 9],
			"rotation": {"angle": 0, "axis": "y", "origin": [8, 9, 8]},
			"faces": {
				"north": {"uv": [0, 3.75, 3.25, 4], "texture": "#0"},
				"east": {"uv": [3.75, 11.5, 4, 11.75], "texture": "#0"},
				"south": {"uv": [3.75, 0, 7, 0.25], "texture": "#0"},
				"west": {"uv": [11.5, 3.75, 11.75, 4], "texture": "#0"},
				"up": {"uv": [7, 0.5, 3.75, 0.25], "texture": "#0"},
				"down": {"uv": [7, 0.5, 3.75, 0.75], "texture": "#0"}
			}
		},
		{
			"from": [9, 10, 8],
			"to": [15, 11, 9],
			"rotation": {"angle": 0, "axis": "y", "origin": [15, 10, 8]},
			"faces": {
				"north": {"uv": [8.75, 2, 10.25, 2.25], "texture": "#0"},
				"east": {"uv": [3.5, 11.5, 3.75, 11.75], "texture": "#0"},
				"south": {"uv": [8.75, 2.25, 10.25, 2.5], "texture": "#0"},
				"west": {"uv": [11.5, 3.5, 11.75, 3.75], "texture": "#0"},
				"up": {"uv": [10.25, 2.75, 8.75, 2.5], "texture": "#0"},
				"down": {"uv": [10.25, 2.75, 8.75, 3], "texture": "#0"}
			}
		},
		{
			"from": [10, 11, 8],
			"to": [15, 12, 9],
			"rotation": {"angle": 0, "axis": "y", "origin": [15, 11, 8]},
			"faces": {
				"north": {"uv": [9.25, 0.75, 10.5, 1], "texture": "#0"},
				"east": {"uv": [3.25, 11.5, 3.5, 11.75], "texture": "#0"},
				"south": {"uv": [9.25, 1, 10.5, 1.25], "texture": "#0"},
				"west": {"uv": [11.5, 3.25, 11.75, 3.5], "texture": "#0"},
				"up": {"uv": [2.5, 9.5, 1.25, 9.25], "texture": "#0"},
				"down": {"uv": [3.75, 9.25, 2.5, 9.5], "texture": "#0"}
			}
		},
		{
			"from": [11, 12, 8],
			"to": [14, 13, 9],
			"rotation": {"angle": 0, "axis": "y", "origin": [15, 12, 8]},
			"faces": {
				"north": {"uv": [1.5, 10.75, 2.25, 11], "texture": "#0"},
				"east": {"uv": [2.75, 11.5, 3, 11.75], "texture": "#0"},
				"south": {"uv": [2.25, 10.75, 3, 11], "texture": "#0"},
				"west": {"uv": [3, 11.5, 3.25, 11.75], "texture": "#0"},
				"up": {"uv": [3.75, 11, 3, 10.75], "texture": "#0"},
				"down": {"uv": [4.5, 10.75, 3.75, 11], "texture": "#0"}
			}
		},
		{
			"from": [3, 12, 8],
			"to": [6, 13, 9],
			"rotation": {"angle": 0, "axis": "y", "origin": [7, 12, 8]},
			"faces": {
				"north": {"uv": [10.5, 10.25, 11.25, 10.5], "texture": "#0"},
				"east": {"uv": [2.25, 11.5, 2.5, 11.75], "texture": "#0"},
				"south": {"uv": [10.5, 10.5, 11.25, 10.75], "texture": "#0"},
				"west": {"uv": [2.5, 11.5, 2.75, 11.75], "texture": "#0"},
				"up": {"uv": [0.75, 11, 0, 10.75], "texture": "#0"},
				"down": {"uv": [1.5, 10.75, 0.75, 11], "texture": "#0"}
			}
		},
		{
			"from": [5, 3, 7],
			"to": [12, 4, 8],
			"rotation": {"angle": 0, "axis": "y", "origin": [8, 3, 7]},
			"faces": {
				"north": {"uv": [7, 1.25, 8.75, 1.5], "texture": "#0"},
				"east": {"uv": [4.75, 11.25, 5, 11.5], "texture": "#0"},
				"south": {"uv": [2.25, 7, 4, 7.25], "texture": "#0"},
				"west": {"uv": [11.25, 4.75, 11.5, 5], "texture": "#0"},
				"up": {"uv": [8.75, 2.75, 7, 2.5], "texture": "#0"},
				"down": {"uv": [5.75, 7, 4, 7.25], "texture": "#0"}
			}
		},
		{
			"from": [4, 4, 7],
			"to": [13, 5, 8],
			"rotation": {"angle": 0, "axis": "y", "origin": [8, 4, 7]},
			"faces": {
				"north": {"uv": [6, 3.75, 8.25, 4], "texture": "#0"},
				"east": {"uv": [5, 11.25, 5.25, 11.5], "texture": "#0"},
				"south": {"uv": [5.5, 6, 7.75, 6.25], "texture": "#0"},
				"west": {"uv": [11.25, 5, 11.5, 5.25], "texture": "#0"},
				"up": {"uv": [2.25, 6.5, 0, 6.25], "texture": "#0"},
				"down": {"uv": [4.5, 6.25, 2.25, 6.5], "texture": "#0"}
			}
		},
		{
			"from": [3, 5, 7],
			"to": [14, 6, 8],
			"rotation": {"angle": 0, "axis": "y", "origin": [8, 5, 7]},
			"faces": {
				"north": {"uv": [3.75, 2.75, 6.5, 3], "texture": "#0"},
				"east": {"uv": [5.25, 11.25, 5.5, 11.5], "texture": "#0"},
				"south": {"uv": [3.25, 3.75, 6, 4], "texture": "#0"},
				"west": {"uv": [11.25, 5.25, 11.5, 5.5], "texture": "#0"},
				"up": {"uv": [2.75, 4.25, 0, 4], "texture": "#0"},
				"down": {"uv": [5.5, 4, 2.75, 4.25], "texture": "#0"}
			}
		},
		{
			"from": [2, 6, 7],
			"to": [15, 8, 8],
			"rotation": {"angle": 0, "axis": "y", "origin": [8, 6, 7]},
			"faces": {
				"north": {"uv": [0, 1.5, 3.25, 2], "texture": "#0"},
				"east": {"uv": [9.75, 10.5, 10, 11], "texture": "#0"},
				"south": {"uv": [0, 2, 3.25, 2.5], "texture": "#0"},
				"west": {"uv": [11.25, 0, 11.5, 0.5], "texture": "#0"},
				"up": {"uv": [3.25, 3.25, 0, 3], "texture": "#0"},
				"down": {"uv": [3.25, 3.25, 0, 3.5], "texture": "#0"}
			}
		},
		{
			"from": [1, 8, 7],
			"to": [16, 11, 8],
			"rotation": {"angle": 0, "axis": "y", "origin": [8, 8, 7]},
			"faces": {
				"north": {"uv": [0, 0, 3.75, 0.75], "texture": "#0"},
				"east": {"uv": [10, 10.25, 10.25, 11], "texture": "#0"},
				"south": {"uv": [0, 0.75, 3.75, 1.5], "texture": "#0"},
				"west": {"uv": [10.25, 10.25, 10.5, 11], "texture": "#0"},
				"up": {"uv": [3.75, 2.75, 0, 2.5], "texture": "#0"},
				"down": {"uv": [3.75, 2.75, 0, 3], "texture": "#0"}
			}
		},
		{
			"from": [1, 11, 7],
			"to": [8, 12, 8],
			"rotation": {"angle": 0, "axis": "y", "origin": [8, 11, 7]},
			"faces": {
				"north": {"uv": [5.75, 7, 7.5, 7.25], "texture": "#0"},
				"east": {"uv": [5.5, 11.25, 5.75, 11.5], "texture": "#0"},
				"south": {"uv": [0, 7.25, 1.75, 7.5], "texture": "#0"},
				"west": {"uv": [11.25, 5.5, 11.5, 5.75], "texture": "#0"},
				"up": {"uv": [3.5, 7.5, 1.75, 7.25], "texture": "#0"},
				"down": {"uv": [5.25, 7.25, 3.5, 7.5], "texture": "#0"}
			}
		},
		{
			"from": [2, 12, 7],
			"to": [7, 13, 8],
			"rotation": {"angle": 0, "axis": "y", "origin": [8, 12, 7]},
			"faces": {
				"north": {"uv": [8.75, 7.5, 10, 7.75], "texture": "#0"},
				"east": {"uv": [6, 11.25, 6.25, 11.5], "texture": "#0"},
				"south": {"uv": [8.75, 7.75, 10, 8], "texture": "#0"},
				"west": {"uv": [6.25, 11.25, 6.5, 11.5], "texture": "#0"},
				"up": {"uv": [10, 8.25, 8.75, 8], "texture": "#0"},
				"down": {"uv": [9.5, 8.75, 8.25, 9], "texture": "#0"}
			}
		},
		{
			"from": [10, 12, 7],
			"to": [15, 13, 8],
			"rotation": {"angle": 0, "axis": "y", "origin": [17, 12, 7]},
			"faces": {
				"north": {"uv": [8.75, 8.25, 10, 8.5], "texture": "#0"},
				"east": {"uv": [11.25, 6.25, 11.5, 6.5], "texture": "#0"},
				"south": {"uv": [0, 9, 1.25, 9.25], "texture": "#0"},
				"west": {"uv": [6.5, 11.25, 6.75, 11.5], "texture": "#0"},
				"up": {"uv": [2.5, 9.25, 1.25, 9], "texture": "#0"},
				"down": {"uv": [3.75, 9, 2.5, 9.25], "texture": "#0"}
			}
		},
		{
			"from": [11, 13, 7],
			"to": [14, 14, 8],
			"rotation": {"angle": 0, "axis": "y", "origin": [17, 13, 7]},
			"faces": {
				"north": {"uv": [0, 10.5, 0.75, 10.75], "texture": "#0"},
				"east": {"uv": [11.25, 6.5, 11.5, 6.75], "texture": "#0"},
				"south": {"uv": [10.5, 0, 11.25, 0.25], "texture": "#0"},
				"west": {"uv": [6.75, 11.25, 7, 11.5], "texture": "#0"},
				"up": {"uv": [11.25, 0.5, 10.5, 0.25], "texture": "#0"},
				"down": {"uv": [11.25, 0.5, 10.5, 0.75], "texture": "#0"}
			}
		},
		{
			"from": [3, 13, 7],
			"to": [6, 14, 8],
			"rotation": {"angle": 0, "axis": "y", "origin": [9, 13, 7]},
			"faces": {
				"north": {"uv": [0.75, 10.5, 1.5, 10.75], "texture": "#0"},
				"east": {"uv": [11.25, 6.75, 11.5, 7], "texture": "#0"},
				"south": {"uv": [10.5, 0.75, 11.25, 1], "texture": "#0"},
				"west": {"uv": [7, 11.25, 7.25, 11.5], "texture": "#0"},
				"up": {"uv": [11.25, 1.25, 10.5, 1], "texture": "#0"},
				"down": {"uv": [2.25, 10.5, 1.5, 10.75], "texture": "#0"}
			}
		},
		{
			"from": [9, 11, 7],
			"to": [16, 12, 8],
			"rotation": {"angle": 0, "axis": "y", "origin": [17, 11, 7]},
			"faces": {
				"north": {"uv": [5.25, 7.25, 7, 7.5], "texture": "#0"},
				"east": {"uv": [5.75, 11.25, 6, 11.5], "texture": "#0"},
				"south": {"uv": [7, 7.25, 8.75, 7.5], "texture": "#0"},
				"west": {"uv": [11.25, 5.75, 11.5, 6], "texture": "#0"},
				"up": {"uv": [1.75, 7.75, 0, 7.5], "texture": "#0"},
				"down": {"uv": [3.5, 7.5, 1.75, 7.75], "texture": "#0"}
			}
		}
	],
	"display": {
		"thirdperson_righthand": {
			"rotation": [59, 0, 0],
			"translation": [-0.5, 0, 0],
			"scale": [0.4, 0.4, 0.4]
		},
		"thirdperson_lefthand": {
			"rotation": [59, 0, 0],
			"translation": [-0.5, 0, 0],
			"scale": [0.4, 0.4, 0.4]
		},
		"firstperson_righthand": {
			"rotation": [-7, 0, 0],
			"translation": [-0.5, 0, 0],
			"scale": [0.4, 0.4, 0.4]
		},
		"firstperson_lefthand": {
			"rotation": [1, 0, 0],
			"translation": [-0.5, 0, 0],
			"scale": [0.4, 0.4, 0.4]
		},
		"ground": {
			"rotation": [59, 0, 0],
			"translation": [-0.5, 0, 0],
			"scale": [0.4, 0.4, 0.4]
		},
		"head": {
			"rotation": [59, 0, 0],
			"translation": [-0.5, 0, 0],
			"scale": [0.4, 0.4, 0.4]
		}
	}
}