{
	"format_version": "1.21.6",
	"credit": "Made with Blockbench",
	"texture_size": [32, 32],
	"textures": {
		"2": "minecraft:item/koffer/texture",
		"3": "minecraft:item/koffer/adad",
		"4": "minecraft:item/koffer/afaf",
		"5": "minecraft:item/koffer/agaga",
		"6": "minecraft:item/koffer/avav",
		"particle": "minecraft:item/koffer/texture"
	},
	"elements": [
		{
			"from": [3, 0, 7],
			"to": [13, 6, 10],
			"rotation": {"angle": 0, "axis": "y", "origin": [3, 0, 7]},
			"faces": {
				"north": {"uv": [0, 3, 5, 6], "texture": "#6"},
				"east": {"uv": [0, 6, 1.5, 9], "texture": "#6"},
				"south": {"uv": [0, 3, 5, 6], "texture": "#6"},
				"west": {"uv": [0, 6, 1.5, 9], "texture": "#6"},
				"up": {"uv": [9.875, 1.375, 5, 0.125], "texture": "#6"},
				"down": {"uv": [9.875, 0.125, 5, 1.375], "texture": "#6"}
			}
		},
		{
			"from": [4.9, 6, 7.95],
			"to": [6, 6.2, 9.05],
			"rotation": {"angle": 0, "axis": "y", "origin": [4.9, 4.2, 7.3]},
			"faces": {
				"north": {"uv": [4, 0, 8, 1], "texture": "#5"},
				"east": {"uv": [4, 4, 8, 5], "texture": "#5"},
				"south": {"uv": [0, 8, 4, 9], "texture": "#5"},
				"west": {"uv": [8, 0, 12, 1], "texture": "#5"},
				"up": {"uv": [4, 4, 0, 0], "texture": "#5"},
				"down": {"uv": [4, 4, 0, 8], "texture": "#5"}
			}
		},
		{
			"from": [10.1, 6, 7.95],
			"to": [11.2, 6.2, 9.05],
			"rotation": {"angle": 0, "axis": "y", "origin": [10.6, 4.2, 7.3]},
			"faces": {
				"north": {"uv": [0, 8, 4, 9], "texture": "#4"},
				"east": {"uv": [8, 0, 12, 1], "texture": "#4"},
				"south": {"uv": [4, 8, 8, 9], "texture": "#4"},
				"west": {"uv": [8, 4, 12, 5], "texture": "#4"},
				"up": {"uv": [4, 4, 0, 0], "texture": "#4"},
				"down": {"uv": [4, 4, 0, 8], "texture": "#4"}
			}
		},
		{
			"from": [11.7, 6, 7.775],
			"to": [12.5, 6.2, 9.175],
			"rotation": {"angle": 0, "axis": "y", "origin": [11.1, 4.2, 7.425]},
			"faces": {
				"north": {"uv": [0.48148, 0, 1.92593, 0.77778], "texture": "#4"},
				"east": {"uv": [0, 0.22222, 2.64815, 3], "texture": "#4"},
				"south": {"uv": [4.85185, 2.22222, 6.2963, 3], "texture": "#4"},
				"west": {"uv": [3.85185, 0, 6.5, 0.77778], "texture": "#4"},
				"up": {"uv": [4.44444, 3.27778, 0, 0], "texture": "#4"},
				"down": {"uv": [3.37037, 0, 1.92593, 4.27778], "texture": "#4"}
			}
		},
		{
			"from": [3.7, 6, 7.8],
			"to": [4.5, 6.2, 9.2],
			"rotation": {"angle": 0, "axis": "y", "origin": [3.1, 4.2, 7.45]},
			"faces": {
				"north": {"uv": [8, 4, 11, 5], "texture": "#4"},
				"east": {"uv": [0, 8, 5.5, 9], "texture": "#4"},
				"south": {"uv": [8, 8, 11, 9], "texture": "#4"},
				"west": {"uv": [8, 0, 13.5, 1], "texture": "#4"},
				"up": {"uv": [7, 2.5, 0, 0], "texture": "#4"},
				"down": {"uv": [7, 0, 4, 5.5], "texture": "#missing"}
			}
		},
		{
			"from": [5.2, 6.2, 8.25],
			"to": [5.7, 6.7, 8.75],
			"rotation": {"angle": 0, "axis": "y", "origin": [5.2, 6.2, 8.25]},
			"faces": {
				"north": {"uv": [0, 0, 2, 2], "texture": "#3"},
				"east": {"uv": [0, 4, 2, 6], "texture": "#3"},
				"south": {"uv": [4, 0, 6, 2], "texture": "#3"},
				"west": {"uv": [4, 4, 6, 6], "texture": "#3"},
				"up": {"uv": [2, 10, 0, 8], "texture": "#3"},
				"down": {"uv": [10, 0, 8, 2], "texture": "#3"}
			}
		},
		{
			"from": [10.4, 6.2, 8.25],
			"to": [10.9, 6.7, 8.75],
			"rotation": {"angle": 0, "axis": "y", "origin": [10.4, 6.2, 8.25]},
			"faces": {
				"north": {"uv": [0, 0, 2, 2], "texture": "#3"},
				"east": {"uv": [0, 0, 2, 2], "texture": "#3"},
				"south": {"uv": [0, 0, 2, 2], "texture": "#3"},
				"west": {"uv": [0, 0, 2, 2], "texture": "#3"},
				"up": {"uv": [0, 0, 2, 2], "texture": "#3"},
				"down": {"uv": [0, 0, 2, 2], "texture": "#3"}
			}
		},
		{
			"from": [5.7, 6.7, 8.25],
			"to": [10.4, 7.2, 8.75],
			"rotation": {"angle": 0, "axis": "y", "origin": [9.9, 6.7, 8.25]},
			"faces": {
				"north": {"uv": [0, 0, 9.5, 1], "texture": "#2"},
				"east": {"uv": [0, 8, 1, 9], "texture": "#2"},
				"south": {"uv": [0, 2, 9.5, 3], "texture": "#2"},
				"west": {"uv": [2, 8, 3, 9], "texture": "#2"},
				"up": {"uv": [9.5, 5, 0, 4], "texture": "#2"},
				"down": {"uv": [9.5, 6, 0, 7], "texture": "#2"}
			}
		}
	],
	"display": {
		"thirdperson_righthand": {
			"rotation": [93, -85, 9],
			"translation": [0.5, -2, 1.5]
		},
		"thirdperson_lefthand": {
			"rotation": [93, -85, 9],
			"translation": [0.5, -2, 1.5]
		},
		"firstperson_righthand": {
			"rotation": [-164, -89, -180],
			"translation": [0.25, 2.5, 3]
		},
		"firstperson_lefthand": {
			"rotation": [-164, -89, -180],
			"translation": [0.25, 2.5, 3]
		},
		"ground": {
			"translation": [0, 5, 0]
		},
		"gui": {
			"translation": [0, 5.75, 0],
			"scale": [1.36, 1.36, 1]
		},
		"fixed": {
			"translation": [0, 7, 0],
			"scale": [1.51, 1.51, 1]
		},
		"on_shelf": {
			"scale": [1.51, 1.51, 1]
		}
	}
}
