{
	"format_version": "1.21.6",
	"credit": "Made with Blockbench",
	"texture_size": [64, 64],
	"textures": {
		"0": "block/medallie",
		"particle": "block/medallie"
	},
	"elements": [
		{
			"from": [6, 0, 0],
			"to": [9, 1, 1],
			"rotation": {"angle": 0, "axis": "y", "origin": [6, 0, 0]},
			"faces": {
				"north": {"uv": [3, 5.25, 3.75, 5.5], "texture": "#0"},
				"east": {"uv": [2.25, 6.75, 2.5, 7], "texture": "#0"},
				"south": {"uv": [3.75, 5.25, 4.5, 5.5], "texture": "#0"},
				"west": {"uv": [3, 6.75, 3.25, 7], "texture": "#0"},
				"up": {"uv": [6, 4.5, 5.25, 4.25], "texture": "#0"},
				"down": {"uv": [5.25, 5.25, 4.5, 5.5], "texture": "#0"}
			}
		},
		{
			"from": [6, 12, 0],
			"to": [9, 13, 1],
			"rotation": {"angle": 0, "axis": "y", "origin": [6, 12, 0]},
			"faces": {
				"north": {"uv": [5.25, 4.5, 6, 4.75], "texture": "#0"},
				"east": {"uv": [6.5, 7.25, 6.75, 7.5], "texture": "#0"},
				"south": {"uv": [4.25, 5.5, 5, 5.75], "texture": "#0"},
				"west": {"uv": [6.75, 7.25, 7, 7.5], "texture": "#0"},
				"up": {"uv": [6.25, 5.5, 5.5, 5.25], "texture": "#0"},
				"down": {"uv": [6.25, 5.5, 5.5, 5.75], "texture": "#0"}
			}
		},
		{
			"from": [5, 14, 0],
			"to": [10, 15, 1],
			"rotation": {"angle": 0, "axis": "y", "origin": [6, 14, 0]},
			"faces": {
				"north": {"uv": [4.25, 3.5, 5.5, 3.75], "texture": "#0"},
				"east": {"uv": [1.25, 7.5, 1.5, 7.75], "texture": "#0"},
				"south": {"uv": [4.25, 3.75, 5.5, 4], "texture": "#0"},
				"west": {"uv": [2.25, 7.5, 2.5, 7.75], "texture": "#0"},
				"up": {"uv": [5.25, 4.5, 4, 4.25], "texture": "#0"},
				"down": {"uv": [5.5, 4, 4.25, 4.25], "texture": "#0"}
			}
		},
		{
			"from": [3, 15, 0.4],
			"to": [12, 16, 0.625],
			"rotation": {"angle": 0, "axis": "y", "origin": [6, 15, 0]},
			"faces": {
				"north": {"uv": [2.5, 2, 4.75, 2.25], "texture": "#0"},
				"east": {"uv": [7.5, 5.25, 7.5625, 5.5], "texture": "#0"},
				"south": {"uv": [2.5, 2.25, 4.75, 2.5], "texture": "#0"},
				"west": {"uv": [5.5, 7.5, 5.5625, 7.75], "texture": "#0"},
				"up": {"uv": [8, 4.0625, 5.75, 4], "texture": "#0"},
				"down": {"uv": [8.25, 4.25, 6, 4.3125], "texture": "#0"}
			}
		},
		{
			"from": [2, 16, 0.4],
			"to": [13, 17, 0.625],
			"rotation": {"angle": 0, "axis": "y", "origin": [6, 16, 0]},
			"faces": {
				"north": {"uv": [2.5, 1.5, 5.25, 1.75], "texture": "#0"},
				"east": {"uv": [7.5, 5.5, 7.5625, 5.75], "texture": "#0"},
				"south": {"uv": [2.5, 1.75, 5.25, 2], "texture": "#0"},
				"west": {"uv": [5.75, 7.5, 5.8125, 7.75], "texture": "#0"},
				"up": {"uv": [8.5, 1.0625, 5.75, 1], "texture": "#0"},
				"down": {"uv": [8.5, 1.25, 5.75, 1.3125], "texture": "#0"}
			}
		},
		{
			"from": [1, 17, 0.4],
			"to": [14, 18, 0.625],
			"rotation": {"angle": 0, "axis": "y", "origin": [6, 17, 0]},
			"faces": {
				"north": {"uv": [2.5, 1, 5.75, 1.25], "texture": "#0"},
				"east": {"uv": [7.5, 5.75, 7.5625, 6], "texture": "#0"},
				"south": {"uv": [2.5, 1.25, 5.75, 1.5], "texture": "#0"},
				"west": {"uv": [6, 7.5, 6.0625, 7.75], "texture": "#0"},
				"up": {"uv": [8.5, 1.5625, 5.25, 1.5], "texture": "#0"},
				"down": {"uv": [8.5, 1.75, 5.25, 1.8125], "texture": "#0"}
			}
		},
		{
			"from": [0, 18, 0.4],
			"to": [15, 19, 0.625],
			"rotation": {"angle": 0, "axis": "y", "origin": [6, 17, 0]},
			"faces": {
				"north": {"uv": [2.5, 0.5, 6.25, 0.75], "texture": "#0"},
				"east": {"uv": [7.5, 6, 7.5625, 6.25], "texture": "#0"},
				"south": {"uv": [2.5, 0.75, 6.25, 1], "texture": "#0"},
				"west": {"uv": [6.25, 7.5, 6.3125, 7.75], "texture": "#0"},
				"up": {"uv": [6.75, 4.8125, 3, 4.75], "texture": "#0"},
				"down": {"uv": [6.75, 5, 3, 5.0625], "texture": "#0"}
			}
		},
		{
			"from": [-1, 19, 0.4],
			"to": [16, 20, 0.625],
			"rotation": {"angle": 0, "axis": "y", "origin": [6, 17, 0]},
			"faces": {
				"north": {"uv": [2.5, 0, 6.75, 0.25], "texture": "#0"},
				"east": {"uv": [6.5, 7.5, 6.5625, 7.75], "texture": "#0"},
				"south": {"uv": [2.5, 0.25, 6.75, 0.5], "texture": "#0"},
				"west": {"uv": [6.75, 7.5, 6.8125, 7.75], "texture": "#0"},
				"up": {"uv": [9, 2.0625, 4.75, 2], "texture": "#0"},
				"down": {"uv": [9, 2.25, 4.75, 2.3125], "texture": "#0"}
			}
		},
		{
			"from": [-1, 20, 0.4],
			"to": [6, 21, 0.625],
			"rotation": {"angle": 0, "axis": "y", "origin": [6, 18, 0]},
			"faces": {
				"north": {"uv": [2.75, 2.5, 4.5, 2.75], "texture": "#0"},
				"east": {"uv": [7, 7.5, 7.0625, 7.75], "texture": "#0"},
				"south": {"uv": [2.75, 2.75, 4.5, 3], "texture": "#0"},
				"west": {"uv": [7.25, 7.5, 7.3125, 7.75], "texture": "#0"},
				"up": {"uv": [8.25, 6.3125, 6.5, 6.25], "texture": "#0"},
				"down": {"uv": [8.25, 6.5, 6.5, 6.5625], "texture": "#0"}
			}
		},
		{
			"from": [9, 20, 0.4],
			"to": [16, 21, 0.625],
			"rotation": {"angle": 0, "axis": "y", "origin": [16, 18, 0]},
			"faces": {
				"north": {"uv": [2.75, 3, 4.5, 3.25], "texture": "#0"},
				"east": {"uv": [7.5, 7.25, 7.5625, 7.5], "texture": "#0"},
				"south": {"uv": [2.75, 3.25, 4.5, 3.5], "texture": "#0"},
				"west": {"uv": [7.5, 7.5, 7.5625, 7.75], "texture": "#0"},
				"up": {"uv": [8.5, 0.0625, 6.75, 0], "texture": "#0"},
				"down": {"uv": [8.5, 0.25, 6.75, 0.3125], "texture": "#0"}
			}
		},
		{
			"from": [10, 21, 0.4],
			"to": [16, 22, 0.625],
			"rotation": {"angle": 0, "axis": "y", "origin": [16, 19, 0]},
			"faces": {
				"north": {"uv": [2.75, 3.5, 4.25, 3.75], "texture": "#0"},
				"east": {"uv": [0, 7.75, 0.0625, 8], "texture": "#0"},
				"south": {"uv": [2.75, 3.75, 4.25, 4], "texture": "#0"},
				"west": {"uv": [0.25, 7.75, 0.3125, 8], "texture": "#0"},
				"up": {"uv": [8.25, 2.5625, 6.75, 2.5], "texture": "#0"},
				"down": {"uv": [8.25, 2.75, 6.75, 2.8125], "texture": "#0"}
			}
		},
		{
			"from": [-1, 21, 0.4],
			"to": [5, 22, 0.625],
			"rotation": {"angle": 0, "axis": "y", "origin": [5, 19, 0]},
			"faces": {
				"north": {"uv": [2.75, 4, 4.25, 4.25], "texture": "#0"},
				"east": {"uv": [7.75, 0.5, 7.8125, 0.75], "texture": "#0"},
				"south": {"uv": [2.5, 4.25, 4, 4.5], "texture": "#0"},
				"west": {"uv": [0.75, 7.75, 0.8125, 8], "texture": "#0"},
				"up": {"uv": [8.25, 3.0625, 6.75, 3], "texture": "#0"},
				"down": {"uv": [8.25, 3.25, 6.75, 3.3125], "texture": "#0"}
			}
		},
		{
			"from": [-1, 22, 0.4],
			"to": [4, 23, 0.625],
			"rotation": {"angle": 0, "axis": "y", "origin": [5, 20, 0]},
			"faces": {
				"north": {"uv": [1.5, 4.5, 2.75, 4.75], "texture": "#0"},
				"east": {"uv": [7.75, 0.75, 7.8125, 1], "texture": "#0"},
				"south": {"uv": [4.5, 2.5, 5.75, 2.75], "texture": "#0"},
				"west": {"uv": [1, 7.75, 1.0625, 8], "texture": "#0"},
				"up": {"uv": [8, 3.5625, 6.75, 3.5], "texture": "#0"},
				"down": {"uv": [8, 3.75, 6.75, 3.8125], "texture": "#0"}
			}
		},
		{
			"from": [11, 22, 0.4],
			"to": [16, 23, 0.625],
			"rotation": {"angle": 0, "axis": "y", "origin": [17, 20, 0]},
			"faces": {
				"north": {"uv": [2.75, 4.5, 4, 4.75], "texture": "#0"},
				"east": {"uv": [1.25, 7.75, 1.3125, 8], "texture": "#0"},
				"south": {"uv": [4.5, 2.75, 5.75, 3], "texture": "#0"},
				"west": {"uv": [2.25, 7.75, 2.3125, 8], "texture": "#0"},
				"up": {"uv": [8, 4.8125, 6.75, 4.75], "texture": "#0"},
				"down": {"uv": [8, 5, 6.75, 5.0625], "texture": "#0"}
			}
		},
		{
			"from": [10, 12, 0],
			"to": [11, 15, 1],
			"rotation": {"angle": 0, "axis": "y", "origin": [10, 12, 0]},
			"faces": {
				"north": {"uv": [5.75, 3.25, 6, 4], "texture": "#0"},
				"east": {"uv": [4.25, 5.75, 4.5, 6.5], "texture": "#0"},
				"south": {"uv": [4.5, 5.75, 4.75, 6.5], "texture": "#0"},
				"west": {"uv": [4.75, 5.75, 5, 6.5], "texture": "#0"},
				"up": {"uv": [7.75, 0.75, 7.5, 0.5], "texture": "#0"},
				"down": {"uv": [1, 7.5, 0.75, 7.75], "texture": "#0"}
			}
		},
		{
			"from": [4, 12, 0],
			"to": [5, 15, 1],
			"rotation": {"angle": 0, "axis": "y", "origin": [4, 12, 0]},
			"faces": {
				"north": {"uv": [5.5, 5.75, 5.75, 6.5], "texture": "#0"},
				"east": {"uv": [5.75, 5.75, 6, 6.5], "texture": "#0"},
				"south": {"uv": [6, 2.5, 6.25, 3.25], "texture": "#0"},
				"west": {"uv": [6, 3.25, 6.25, 4], "texture": "#0"},
				"up": {"uv": [7.75, 1, 7.5, 0.75], "texture": "#0"},
				"down": {"uv": [1.25, 7.5, 1, 7.75], "texture": "#0"}
			}
		},
		{
			"from": [9, 1, 0],
			"to": [11, 2, 1],
			"rotation": {"angle": 0, "axis": "y", "origin": [9, 1, 0]},
			"faces": {
				"north": {"uv": [6, 4.5, 6.5, 4.75], "texture": "#0"},
				"east": {"uv": [4.25, 6.75, 4.5, 7], "texture": "#0"},
				"south": {"uv": [6, 5.75, 6.5, 6], "texture": "#0"},
				"west": {"uv": [4.5, 6.75, 4.75, 7], "texture": "#0"},
				"up": {"uv": [6.5, 6.25, 6, 6], "texture": "#0"},
				"down": {"uv": [6.75, 0.5, 6.25, 0.75], "texture": "#0"}
			}
		},
		{
			"from": [4, 11, 0],
			"to": [6, 12, 1],
			"rotation": {"angle": 0, "axis": "y", "origin": [4, 11, 0]},
			"faces": {
				"north": {"uv": [6.5, 5.25, 7, 5.5], "texture": "#0"},
				"east": {"uv": [7.25, 6, 7.5, 6.25], "texture": "#0"},
				"south": {"uv": [6.5, 5.5, 7, 5.75], "texture": "#0"},
				"west": {"uv": [6.25, 7.25, 6.5, 7.5], "texture": "#0"},
				"up": {"uv": [7, 6, 6.5, 5.75], "texture": "#0"},
				"down": {"uv": [7, 6, 6.5, 6.25], "texture": "#0"}
			}
		},
		{
			"from": [9, 11, 0],
			"to": [11, 12, 1],
			"rotation": {"angle": 0, "axis": "y", "origin": [9, 11, 0]},
			"faces": {
				"north": {"uv": [6.25, 3.75, 6.75, 4], "texture": "#0"},
				"east": {"uv": [7.25, 5.75, 7.5, 6], "texture": "#0"},
				"south": {"uv": [4.25, 6.5, 4.75, 6.75], "texture": "#0"},
				"west": {"uv": [6, 7.25, 6.25, 7.5], "texture": "#0"},
				"up": {"uv": [7, 4.75, 6.5, 4.5], "texture": "#0"},
				"down": {"uv": [5.75, 6.5, 5.25, 6.75], "texture": "#0"}
			}
		},
		{
			"from": [4, 1, 0],
			"to": [6, 2, 1],
			"rotation": {"angle": 0, "axis": "y", "origin": [4, 1, 0]},
			"faces": {
				"north": {"uv": [6.25, 0.75, 6.75, 1], "texture": "#0"},
				"east": {"uv": [7, 5.5, 7.25, 5.75], "texture": "#0"},
				"south": {"uv": [3.25, 6.25, 3.75, 6.5], "texture": "#0"},
				"west": {"uv": [7, 5.75, 7.25, 6], "texture": "#0"},
				"up": {"uv": [6.75, 3.75, 6.25, 3.5], "texture": "#0"},
				"down": {"uv": [4.25, 6.25, 3.75, 6.5], "texture": "#0"}
			}
		},
		{
			"from": [11, 2, 0],
			"to": [12, 3, 1],
			"rotation": {"angle": 0, "axis": "y", "origin": [11, 2, 0]},
			"faces": {
				"north": {"uv": [5, 6.75, 5.25, 7], "texture": "#0"},
				"east": {"uv": [5.25, 6.75, 5.5, 7], "texture": "#0"},
				"south": {"uv": [5.5, 6.75, 5.75, 7], "texture": "#0"},
				"west": {"uv": [0.75, 7, 1, 7.25], "texture": "#0"},
				"up": {"uv": [1.25, 7.25, 1, 7], "texture": "#0"},
				"down": {"uv": [1.5, 7, 1.25, 7.25], "texture": "#0"}
			}
		},
		{
			"from": [3, 10, 0],
			"to": [4, 11, 1],
			"rotation": {"angle": 0, "axis": "y", "origin": [3, 10, 0]},
			"faces": {
				"north": {"uv": [5, 7.25, 5.25, 7.5], "texture": "#0"},
				"east": {"uv": [5.25, 7.25, 5.5, 7.5], "texture": "#0"},
				"south": {"uv": [7.25, 5.25, 7.5, 5.5], "texture": "#0"},
				"west": {"uv": [5.5, 7.25, 5.75, 7.5], "texture": "#0"},
				"up": {"uv": [7.5, 5.75, 7.25, 5.5], "texture": "#0"},
				"down": {"uv": [6, 7.25, 5.75, 7.5], "texture": "#0"}
			}
		},
		{
			"from": [11, 10, 0],
			"to": [12, 11, 1],
			"rotation": {"angle": 0, "axis": "y", "origin": [11, 10, 0]},
			"faces": {
				"north": {"uv": [3.5, 7.25, 3.75, 7.5], "texture": "#0"},
				"east": {"uv": [3.75, 7.25, 4, 7.5], "texture": "#0"},
				"south": {"uv": [4, 7.25, 4.25, 7.5], "texture": "#0"},
				"west": {"uv": [4.25, 7.25, 4.5, 7.5], "texture": "#0"},
				"up": {"uv": [4.75, 7.5, 4.5, 7.25], "texture": "#0"},
				"down": {"uv": [5, 7.25, 4.75, 7.5], "texture": "#0"}
			}
		},
		{
			"from": [3, 2, 0],
			"to": [4, 3, 1],
			"rotation": {"angle": 0, "axis": "y", "origin": [3, 2, 0]},
			"faces": {
				"north": {"uv": [6, 7, 6.25, 7.25], "texture": "#0"},
				"east": {"uv": [7, 6, 7.25, 6.25], "texture": "#0"},
				"south": {"uv": [6.25, 7, 6.5, 7.25], "texture": "#0"},
				"west": {"uv": [6.5, 7, 6.75, 7.25], "texture": "#0"},
				"up": {"uv": [7, 7.25, 6.75, 7], "texture": "#0"},
				"down": {"uv": [7.25, 7, 7, 7.25], "texture": "#0"}
			}
		},
		{
			"from": [13, 5, 0],
			"to": [14, 8, 1],
			"rotation": {"angle": 0, "axis": "y", "origin": [13, 5, 0]},
			"faces": {
				"north": {"uv": [2.5, 5, 2.75, 5.75], "texture": "#0"},
				"east": {"uv": [5.25, 5.25, 5.5, 6], "texture": "#0"},
				"south": {"uv": [3, 5.5, 3.25, 6.25], "texture": "#0"},
				"west": {"uv": [3.25, 5.5, 3.5, 6.25], "texture": "#0"},
				"up": {"uv": [7.25, 5.5, 7, 5.25], "texture": "#0"},
				"down": {"uv": [5.75, 7, 5.5, 7.25], "texture": "#0"}
			}
		},
		{
			"from": [12, 5, 0.4],
			"to": [13, 8, 0.775],
			"rotation": {"angle": 0, "axis": "y", "origin": [12, 5, 0]},
			"faces": {
				"north": {"uv": [5, 5.5, 5.25, 6.25], "texture": "#0"},
				"east": {"uv": [4.75, 6.5, 4.875, 7.25], "texture": "#0"},
				"south": {"uv": [0.75, 5.75, 1, 6.5], "texture": "#0"},
				"west": {"uv": [5.75, 6.5, 5.875, 7.25], "texture": "#0"},
				"up": {"uv": [4.25, 7.625, 4, 7.5], "texture": "#0"},
				"down": {"uv": [4.5, 7.5, 4.25, 7.625], "texture": "#0"}
			}
		},
		{
			"from": [2, 5, 0.4],
			"to": [3, 8, 0.775],
			"rotation": {"angle": 0, "axis": "y", "origin": [2, 5, 0]},
			"faces": {
				"north": {"uv": [2.5, 5.75, 2.75, 6.5], "texture": "#0"},
				"east": {"uv": [0, 6.75, 0.125, 7.5], "texture": "#0"},
				"south": {"uv": [5.75, 2.5, 6, 3.25], "texture": "#0"},
				"west": {"uv": [0.25, 6.75, 0.375, 7.5], "texture": "#0"},
				"up": {"uv": [5.25, 7.625, 5, 7.5], "texture": "#0"},
				"down": {"uv": [5.5, 7.5, 5.25, 7.625], "texture": "#0"}
			}
		},
		{
			"from": [11, 3, 0.4],
			"to": [12, 10, 0.775],
			"rotation": {"angle": 0, "axis": "y", "origin": [11, 5, 0]},
			"faces": {
				"north": {"uv": [0.25, 2.75, 0.5, 4.5], "texture": "#0"},
				"east": {"uv": [2, 5, 2.125, 6.75], "texture": "#0"},
				"south": {"uv": [0.5, 2.75, 0.75, 4.5], "texture": "#0"},
				"west": {"uv": [2.25, 5, 2.375, 6.75], "texture": "#0"},
				"up": {"uv": [4.75, 7.625, 4.5, 7.5], "texture": "#0"},
				"down": {"uv": [5, 7.5, 4.75, 7.625], "texture": "#0"}
			}
		},
		{
			"from": [3, 3, 0.4],
			"to": [4, 10, 0.775],
			"rotation": {"angle": 0, "axis": "y", "origin": [3, 5, 0]},
			"faces": {
				"north": {"uv": [2.5, 2.5, 2.75, 4.25], "texture": "#0"},
				"east": {"uv": [1.5, 5, 1.625, 6.75], "texture": "#0"},
				"south": {"uv": [0, 2.75, 0.25, 4.5], "texture": "#0"},
				"west": {"uv": [1.75, 5, 1.875, 6.75], "texture": "#0"},
				"up": {"uv": [3.75, 7.625, 3.5, 7.5], "texture": "#0"},
				"down": {"uv": [4, 7.5, 3.75, 7.625], "texture": "#0"}
			}
		},
		{
			"from": [9, 2, 0.4],
			"to": [11, 11, 0.775],
			"rotation": {"angle": 0, "axis": "y", "origin": [10, 5, 0]},
			"faces": {
				"north": {"uv": [1.5, 0, 2, 2.25], "texture": "#0"},
				"east": {"uv": [0, 4.5, 0.125, 6.75], "texture": "#0"},
				"south": {"uv": [2, 0, 2.5, 2.25], "texture": "#0"},
				"west": {"uv": [0.25, 4.5, 0.375, 6.75], "texture": "#0"},
				"up": {"uv": [7.75, 6.875, 7.25, 6.75], "texture": "#0"},
				"down": {"uv": [7.5, 7.25, 7, 7.375], "texture": "#0"}
			}
		},
		{
			"from": [4, 2, 0.4],
			"to": [6, 11, 0.775],
			"rotation": {"angle": 0, "axis": "y", "origin": [5, 5, 0]},
			"faces": {
				"north": {"uv": [1.5, 2.25, 2, 4.5], "texture": "#0"},
				"east": {"uv": [0.5, 4.5, 0.625, 6.75], "texture": "#0"},
				"south": {"uv": [2, 2.25, 2.5, 4.5], "texture": "#0"},
				"west": {"uv": [2.75, 4.75, 2.875, 7], "texture": "#0"},
				"up": {"uv": [7.75, 7.125, 7.25, 7], "texture": "#0"},
				"down": {"uv": [0.5, 7.5, 0, 7.625], "texture": "#0"}
			}
		},
		{
			"from": [6, 1, 0.4],
			"to": [9, 12, 0.775],
			"rotation": {"angle": 0, "axis": "y", "origin": [7, 5, 0]},
			"faces": {
				"north": {"uv": [0, 0, 0.75, 2.75], "texture": "#0"},
				"east": {"uv": [1, 4.25, 1.125, 7], "texture": "#0"},
				"south": {"uv": [0.75, 0, 1.5, 2.75], "texture": "#0"},
				"west": {"uv": [1.25, 4.25, 1.375, 7], "texture": "#0"},
				"up": {"uv": [7.5, 0.625, 6.75, 0.5], "texture": "#0"},
				"down": {"uv": [7.5, 0.75, 6.75, 0.875], "texture": "#0"}
			}
		},
		{
			"from": [1, 5, 0],
			"to": [2, 8, 1],
			"rotation": {"angle": 0, "axis": "y", "origin": [1, 5, 0]},
			"faces": {
				"north": {"uv": [3.5, 5.5, 3.75, 6.25], "texture": "#0"},
				"east": {"uv": [5.5, 3.5, 5.75, 4.25], "texture": "#0"},
				"south": {"uv": [3.75, 5.5, 4, 6.25], "texture": "#0"},
				"west": {"uv": [4, 5.5, 4.25, 6.25], "texture": "#0"},
				"up": {"uv": [1.5, 7.5, 1.25, 7.25], "texture": "#0"},
				"down": {"uv": [2.5, 7.25, 2.25, 7.5], "texture": "#0"}
			}
		},
		{
			"from": [12, 3, 0],
			"to": [13, 5, 1],
			"rotation": {"angle": 0, "axis": "y", "origin": [12, 3, 0]},
			"faces": {
				"north": {"uv": [5.25, 6, 5.5, 6.5], "texture": "#0"},
				"east": {"uv": [6.25, 2.5, 6.5, 3], "texture": "#0"},
				"south": {"uv": [3, 6.25, 3.25, 6.75], "texture": "#0"},
				"west": {"uv": [6.25, 3, 6.5, 3.5], "texture": "#0"},
				"up": {"uv": [5.25, 7.25, 5, 7], "texture": "#0"},
				"down": {"uv": [5.5, 7, 5.25, 7.25], "texture": "#0"}
			}
		},
		{
			"from": [12, 8, 0],
			"to": [13, 10, 1],
			"rotation": {"angle": 0, "axis": "y", "origin": [12, 8, 0]},
			"faces": {
				"north": {"uv": [0.75, 6.5, 1, 7], "texture": "#0"},
				"east": {"uv": [2.5, 6.5, 2.75, 7], "texture": "#0"},
				"south": {"uv": [6.5, 2.5, 6.75, 3], "texture": "#0"},
				"west": {"uv": [6.5, 3, 6.75, 3.5], "texture": "#0"},
				"up": {"uv": [2.75, 7.5, 2.5, 7.25], "texture": "#0"},
				"down": {"uv": [3, 7.25, 2.75, 7.5], "texture": "#0"}
			}
		},
		{
			"from": [2, 3, 0],
			"to": [3, 5, 1],
			"rotation": {"angle": 0, "axis": "y", "origin": [2, 3, 0]},
			"faces": {
				"north": {"uv": [5, 6.25, 5.25, 6.75], "texture": "#0"},
				"east": {"uv": [6.25, 5.25, 6.5, 5.75], "texture": "#0"},
				"south": {"uv": [6, 6.25, 6.25, 6.75], "texture": "#0"},
				"west": {"uv": [6.25, 6.25, 6.5, 6.75], "texture": "#0"},
				"up": {"uv": [1, 7.5, 0.75, 7.25], "texture": "#0"},
				"down": {"uv": [1.25, 7.25, 1, 7.5], "texture": "#0"}
			}
		},
		{
			"from": [2, 8, 0.05],
			"to": [3, 10, 1.05],
			"rotation": {"angle": 0, "axis": "y", "origin": [2, 8, 0.05]},
			"faces": {
				"north": {"uv": [3.25, 6.5, 3.5, 7], "texture": "#0"},
				"east": {"uv": [3.5, 6.5, 3.75, 7], "texture": "#0"},
				"south": {"uv": [3.75, 6.5, 4, 7], "texture": "#0"},
				"west": {"uv": [4, 6.5, 4.25, 7], "texture": "#0"},
				"up": {"uv": [3.25, 7.5, 3, 7.25], "texture": "#0"},
				"down": {"uv": [3.5, 7.25, 3.25, 7.5], "texture": "#0"}
			}
		},
		{
			"from": [7, 4, 0.15],
			"to": [8, 10, 0.45],
			"rotation": {"angle": 0, "axis": "y", "origin": [7, 8, 0.45]},
			"faces": {
				"north": {"uv": [0.75, 2.75, 1, 4.25], "texture": "#0"},
				"east": {"uv": [0.5, 6.75, 0.5625, 8.25], "texture": "#0"},
				"south": {"uv": [1, 2.75, 1.25, 4.25], "texture": "#0"},
				"west": {"uv": [1.5, 6.75, 1.5625, 8.25], "texture": "#0"},
				"up": {"uv": [2.75, 7.8125, 2.5, 7.75], "texture": "#0"},
				"down": {"uv": [3, 7.75, 2.75, 7.8125], "texture": "#0"}
			}
		},
		{
			"from": [5, 3, 0.75],
			"to": [10, 4, 1.05],
			"rotation": {"angle": 0, "axis": "y", "origin": [9, 3, 1.05]},
			"faces": {
				"north": {"uv": [4, 4.5, 5.25, 4.75], "texture": "#0"},
				"east": {"uv": [7.75, 5.5, 7.8125, 5.75], "texture": "#0"},
				"south": {"uv": [1.5, 4.75, 2.75, 5], "texture": "#0"},
				"west": {"uv": [5.75, 7.75, 5.8125, 8], "texture": "#0"},
				"up": {"uv": [4.75, 7.0625, 3.5, 7], "texture": "#0"},
				"down": {"uv": [8.25, 4.5, 7, 4.5625], "texture": "#0"}
			}
		},
		{
			"from": [6, 8, 0.75],
			"to": [7, 9, 1.05],
			"rotation": {"angle": 0, "axis": "y", "origin": [7, 8, 1.05]},
			"faces": {
				"north": {"uv": [3, 7.5, 3.25, 7.75], "texture": "#0"},
				"east": {"uv": [5, 7.75, 5.0625, 8], "texture": "#0"},
				"south": {"uv": [3.25, 7.5, 3.5, 7.75], "texture": "#0"},
				"west": {"uv": [5.25, 7.75, 5.3125, 8], "texture": "#0"},
				"up": {"uv": [8, 5.3125, 7.75, 5.25], "texture": "#0"},
				"down": {"uv": [5.75, 7.75, 5.5, 7.8125], "texture": "#0"}
			}
		},
		{
			"from": [7, 4, 0.75],
			"to": [8, 10, 1.05],
			"rotation": {"angle": 0, "axis": "y", "origin": [8, 8, 1.05]},
			"faces": {
				"north": {"uv": [1.25, 2.75, 1.5, 4.25], "texture": "#0"},
				"east": {"uv": [1.75, 6.75, 1.8125, 8.25], "texture": "#0"},
				"south": {"uv": [0.75, 4.25, 1, 5.75], "texture": "#0"},
				"west": {"uv": [2, 6.75, 2.0625, 8.25], "texture": "#0"},
				"up": {"uv": [4.75, 7.8125, 4.5, 7.75], "texture": "#0"},
				"down": {"uv": [5, 7.75, 4.75, 7.8125], "texture": "#0"}
			}
		},
		{
			"from": [8, 8, 0.15],
			"to": [9, 9, 0.45],
			"rotation": {"angle": 0, "axis": "y", "origin": [8, 8, 0.45]},
			"faces": {
				"north": {"uv": [2.5, 7.5, 2.75, 7.75], "texture": "#0"},
				"east": {"uv": [3.5, 7.75, 3.5625, 8], "texture": "#0"},
				"south": {"uv": [2.75, 7.5, 3, 7.75], "texture": "#0"},
				"west": {"uv": [3.75, 7.75, 3.8125, 8], "texture": "#0"},
				"up": {"uv": [4.25, 7.8125, 4, 7.75], "texture": "#0"},
				"down": {"uv": [4.5, 7.75, 4.25, 7.8125], "texture": "#0"}
			}
		},
		{
			"from": [5, 3, 0.15],
			"to": [10, 4, 0.45],
			"rotation": {"angle": 0, "axis": "z", "origin": [6, 3, 0.45]},
			"faces": {
				"north": {"uv": [4.5, 3, 5.75, 3.25], "texture": "#0"},
				"east": {"uv": [3, 7.75, 3.0625, 8], "texture": "#0"},
				"south": {"uv": [4.5, 3.25, 5.75, 3.5], "texture": "#0"},
				"west": {"uv": [3.25, 7.75, 3.3125, 8], "texture": "#0"},
				"up": {"uv": [7.25, 6.8125, 6, 6.75], "texture": "#0"},
				"down": {"uv": [3.5, 7, 2.25, 7.0625], "texture": "#0"}
			}
		}
	],
	"display": {
		"thirdperson_righthand": {
			"rotation": [68.25, 0, 0],
			"translation": [-0.25, -2, -0.25],
			"scale": [0.26, 0.24, 0.25]
		},
		"thirdperson_lefthand": {
			"rotation": [58, 0, 0],
			"translation": [0, -0.5, 2.5],
			"scale": [0.25, 0.25, 0.25]
		},
		"firstperson_righthand": {
			"rotation": [11, -24, -1],
			"translation": [-0.25, 1.25, 2.75],
			"scale": [0.5, 0.5, 0.5]
		},
		"firstperson_lefthand": {
			"rotation": [11, -24, -1],
			"translation": [-0.25, 1.25, 2.75],
			"scale": [0.5, 0.5, 0.5]
		},
		"ground": {
			"rotation": [11, -24, -1],
			"translation": [-0.25, 1.25, 2.75],
			"scale": [0.5, 0.5, 0.5]
		},
		"gui": {
			"rotation": [0, -1, 0],
			"translation": [0, -2, 4.75],
			"scale": [0.6, 0.6, 0.57]
		},
		"head": {
			"rotation": [11, -24, -1],
			"translation": [-0.25, 1.25, 2.75],
			"scale": [0.25, 0.25, 0.25]
		},
		"fixed": {
			"rotation": [0, -1, 0],
			"translation": [0, -2.5, 4.75],
			"scale": [0.6, 0.6, 0.57]
		},
		"on_shelf": {
			"rotation": [0, -1, 0],
			"translation": [0, -2.5, 4.75],
			"scale": [0.6, 0.6, 0.57]
		}
	}
}