{
  "parent": "item/generated",
  "textures": {
    "layer0": "minecraft:item/stick"
  },
  "overrides": [
    {
      "predicate": {
        "custom_model_data": 24
      },
      "model": "minecraft:item/herz_des_herlfers"
    },
    {
      "predicate": {
        "custom_model_data": 23
      },
      "model": "minecraft:item/medaille1"
    },
    {
      "predicate": {
        "custom_model_data": 22
      },
      "model": "minecraft:item/medaille2"
    },
    {
      "predicate": {
        "custom_model_data": 21
      },
      "model": "minecraft:item/medaille3"
    },
    {
      "predicate": {
        "custom_model_data": 20
      },
      "model": "minecraft:item/pokal_bauwerk"
    },
    {
      "predicate": {
        "custom_model_data": 19
      },
      "model": "minecraft:item/awp"
    },
    {
      "predicate": {
        "custom_model_data": 18
      },
      "model": "minecraft:item/winterevent"
    },
    {
      "predicate": {
        "custom_model_data": 17
      },
      "model": "minecraft:item/halloween"
    },
    {
      "predicate": {
        "custom_model_data": 16
      },
      "model": "minecraft:item/heiliger_schlussel"
    },
    {
      "predicate": {
        "custom_model_data": 15
      },
      "model": "minecraft:item/steinhauer"
    },
    {
      "predicate": {
        "custom_model_data": 14
      },
      "model": "minecraft:item/liora"
    },
    {
      "predicate": {
        "custom_model_data": 13
      },
      "model": "minecraft:item/questpruefer_medaille"
    },
    {
      "predicate": {
        "custom_model_data": 12
      },
      "model": "minecraft:item/mystischerschlussel"
    },
	{
      "predicate": {
        "custom_model_data": 11
      },
      "model": "minecraft:item/schlusselkarte"
    },
    {
      "predicate": {
        "custom_model_data": 10
      },
      "model": "minecraft:item/ban_hammer"
    },
    {
      "predicate": {
        "custom_model_data": 9
      },
      "model": "minecraft:item/bau_orden"
    },
    {
      "predicate": {
        "custom_model_data": 8
      },
      "model": "minecraft:item/schimmerndes_fragment"
    },
    {
      "predicate": {
        "custom_model_data": 7
      },
      "model": "minecraft:item/mystischer_stein"
    },
    {
      "predicate": {
        "custom_model_data": 6
      },
      "model": "minecraft:item/buch_voller_lieder"
    },
    {
      "predicate": {
        "custom_model_data": 5
      },
      "model": "minecraft:item/schattenresonanz"
    },
    {
      "predicate": {
        "custom_model_data": 4
      },
      "model": "minecraft:item/flamme_der_leidenschaft"
    },
    {
      "predicate": {
        "custom_model_data": 3
      },
      "model": "minecraft:item/traene_der_tiefe"
    },
    {
      "predicate": {
        "custom_model_data": 2
      },
      "model": "minecraft:item/sturmhauch_der_freiheit"
    },
    {
      "predicate": {
        "custom_model_data": 1
      },
      "model": "minecraft:item/herzstein_der_erde"
    }
  ]
}
