{
	"format_version": "1.21.6",
	"credit": "Made with Blockbench",
	"texture_size": [32, 32],
	"textures": {
		"0": "winterevent",
		"particle": "winterevent"
	},
	"elements": [
		{
			"from": [8, 0, 7],
			"to": [9, 1, 8],
			"rotation": {"angle": 0, "axis": "y", "origin": [8, 0, 7]},
			"faces": {
				"north": {"uv": [4, 10, 4.5, 10.5], "texture": "#0"},
				"east": {"uv": [3.5, 10, 4, 10.5], "texture": "#0"},
				"south": {"uv": [4, 10, 4.5, 10.5], "texture": "#0"},
				"west": {"uv": [4.5, 10, 5, 10.5], "texture": "#0"},
				"up": {"uv": [5.5, 10.5, 5, 10], "texture": "#0"},
				"down": {"uv": [6, 10, 5.5, 10.5], "texture": "#0"}
			}
		},
		{
			"from": [7, 1, 7],
			"to": [10, 4, 8],
			"rotation": {"angle": 0, "axis": "y", "origin": [9, 1, 7]},
			"faces": {
				"north": {"uv": [6.5, 6.5, 8, 8], "texture": "#0"},
				"east": {"uv": [8, 7, 8.5, 8.5], "texture": "#0"},
				"south": {"uv": [6.5, 6.5, 8, 8], "texture": "#0"},
				"west": {"uv": [0, 8.5, 0.5, 10], "texture": "#0"},
				"up": {"uv": [5.5, 7.5, 4, 7], "texture": "#0"},
				"down": {"uv": [5.5, 7.5, 4, 8], "texture": "#0"}
			}
		},
		{
			"from": [2, 4, 7],
			"to": [15, 5, 8],
			"rotation": {"angle": 0, "axis": "y", "origin": [7, 4, 7]},
			"faces": {
				"north": {"uv": [0, 2.5, 6.5, 3], "texture": "#0"},
				"east": {"uv": [6, 10, 6.5, 10.5], "texture": "#0"},
				"south": {"uv": [0, 2.5, 6.5, 3], "texture": "#0"},
				"west": {"uv": [6.5, 10, 7, 10.5], "texture": "#0"},
				"up": {"uv": [6.5, 3.5, 0, 3], "texture": "#0"},
				"down": {"uv": [6.5, 3.5, 0, 4], "texture": "#0"}
			}
		},
		{
			"from": [2, 5, 7],
			"to": [15, 6, 8],
			"rotation": {"angle": 0, "axis": "y", "origin": [7, 5, 7]},
			"faces": {
				"north": {"uv": [0, 4.5, 6.5, 5], "texture": "#0"},
				"east": {"uv": [7.5, 10, 8, 10.5], "texture": "#0"},
				"south": {"uv": [0, 4.5, 6.5, 5], "texture": "#0"},
				"west": {"uv": [10, 7.5, 10.5, 8], "texture": "#0"},
				"up": {"uv": [6.5, 5.5, 0, 5], "texture": "#0"},
				"down": {"uv": [6.5, 5.5, 0, 6], "texture": "#0"}
			}
		},
		{
			"from": [3, 6, 7],
			"to": [14, 7, 8],
			"rotation": {"angle": 0, "axis": "y", "origin": [7, 6, 7]},
			"faces": {
				"north": {"uv": [6.5, 1.5, 12, 2], "texture": "#0"},
				"east": {"uv": [8.5, 10, 9, 10.5], "texture": "#0"},
				"south": {"uv": [6.5, 1.5, 12, 2], "texture": "#0"},
				"west": {"uv": [9, 10, 9.5, 10.5], "texture": "#0"},
				"up": {"uv": [12, 2.5, 6.5, 2], "texture": "#0"},
				"down": {"uv": [12, 2.5, 6.5, 3], "texture": "#0"}
			}
		},
		{
			"from": [3, 9, 7],
			"to": [14, 10, 8],
			"rotation": {"angle": 0, "axis": "y", "origin": [7, 9, 7]},
			"faces": {
				"north": {"uv": [6.5, 3.5, 12, 4], "texture": "#0"},
				"east": {"uv": [0.5, 10.5, 1, 11], "texture": "#0"},
				"south": {"uv": [6.5, 3.5, 12, 4], "texture": "#0"},
				"west": {"uv": [1, 10.5, 1.5, 11], "texture": "#0"},
				"up": {"uv": [12, 4.5, 6.5, 4], "texture": "#0"},
				"down": {"uv": [12, 4.5, 6.5, 5], "texture": "#0"}
			}
		},
		{
			"from": [2, 10, 7],
			"to": [15, 11, 8],
			"rotation": {"angle": 0, "axis": "y", "origin": [7, 10, 7]},
			"faces": {
				"north": {"uv": [0, 0.5, 6.5, 1], "texture": "#0"},
				"east": {"uv": [2, 10, 2.5, 10.5], "texture": "#0"},
				"south": {"uv": [0, 0.5, 6.5, 1], "texture": "#0"},
				"west": {"uv": [2.5, 10, 3, 10.5], "texture": "#0"},
				"up": {"uv": [6.5, 1.5, 0, 1], "texture": "#0"},
				"down": {"uv": [6.5, 1.5, 0, 2], "texture": "#0"}
			}
		},
		{
			"from": [2, 11, 7],
			"to": [15, 12, 8],
			"rotation": {"angle": 0, "axis": "y", "origin": [7, 11, 7]},
			"faces": {
				"north": {"uv": [0, 6.5, 6.5, 7], "texture": "#0"},
				"east": {"uv": [1.5, 10.5, 2, 11], "texture": "#0"},
				"south": {"uv": [0, 6.5, 6.5, 7], "texture": "#0"},
				"west": {"uv": [2, 10.5, 2.5, 11], "texture": "#0"},
				"up": {"uv": [13, 0.5, 6.5, 0], "texture": "#0"},
				"down": {"uv": [13, 0.5, 6.5, 1], "texture": "#0"}
			}
		},
		{
			"from": [7, 12, 7],
			"to": [10, 13, 8],
			"rotation": {"angle": 0, "axis": "y", "origin": [7, 12, 7]},
			"faces": {
				"north": {"uv": [0.5, 9, 2, 9.5], "texture": "#0"},
				"east": {"uv": [2.5, 10.5, 3, 11], "texture": "#0"},
				"south": {"uv": [0.5, 9, 2, 9.5], "texture": "#0"},
				"west": {"uv": [3, 10.5, 3.5, 11], "texture": "#0"},
				"up": {"uv": [3.5, 9.5, 2, 9], "texture": "#0"},
				"down": {"uv": [5, 9, 3.5, 9.5], "texture": "#0"}
			}
		},
		{
			"from": [7, 13, 7],
			"to": [10, 14, 8],
			"rotation": {"angle": 0, "axis": "y", "origin": [7, 13, 7]},
			"faces": {
				"north": {"uv": [6.5, 9, 8, 9.5], "texture": "#0"},
				"east": {"uv": [3.5, 10.5, 4, 11], "texture": "#0"},
				"south": {"uv": [6.5, 9, 8, 9.5], "texture": "#0"},
				"west": {"uv": [4, 10.5, 4.5, 11], "texture": "#0"},
				"up": {"uv": [9.5, 9.5, 8, 9], "texture": "#0"},
				"down": {"uv": [2, 9.5, 0.5, 10], "texture": "#0"}
			}
		},
		{
			"from": [7, 14, 7],
			"to": [10, 15, 8],
			"rotation": {"angle": 0, "axis": "y", "origin": [7, 14, 7]},
			"faces": {
				"north": {"uv": [3.5, 9.5, 5, 10], "texture": "#0"},
				"east": {"uv": [4.5, 10.5, 5, 11], "texture": "#0"},
				"south": {"uv": [3.5, 9.5, 5, 10], "texture": "#0"},
				"west": {"uv": [5, 10.5, 5.5, 11], "texture": "#0"},
				"up": {"uv": [6.5, 10, 5, 9.5], "texture": "#0"},
				"down": {"uv": [8, 9.5, 6.5, 10], "texture": "#0"}
			}
		},
		{
			"from": [8, 15, 7],
			"to": [9, 16, 8],
			"rotation": {"angle": 0, "axis": "y", "origin": [7, 15, 7]},
			"faces": {
				"north": {"uv": [10.5, 7.5, 11, 8], "texture": "#0"},
				"east": {"uv": [7.5, 10.5, 8, 11], "texture": "#0"},
				"south": {"uv": [10.5, 7.5, 11, 8], "texture": "#0"},
				"west": {"uv": [8, 10.5, 8.5, 11], "texture": "#0"},
				"up": {"uv": [11, 8.5, 10.5, 8], "texture": "#0"},
				"down": {"uv": [9, 10.5, 8.5, 11], "texture": "#0"}
			}
		},
		{
			"from": [4, 12, 7],
			"to": [6, 13, 8],
			"rotation": {"angle": 0, "axis": "y", "origin": [3, 12, 7]},
			"faces": {
				"north": {"uv": [5.5, 7.5, 6.5, 8], "texture": "#0"},
				"east": {"uv": [5.5, 10.5, 6, 11], "texture": "#0"},
				"south": {"uv": [5.5, 7.5, 6.5, 8], "texture": "#0"},
				"west": {"uv": [6, 10.5, 6.5, 11], "texture": "#0"},
				"up": {"uv": [9, 10, 8, 9.5], "texture": "#0"},
				"down": {"uv": [10.5, 8.5, 9.5, 9], "texture": "#0"}
			}
		},
		{
			"from": [11, 12, 7],
			"to": [13, 13, 8],
			"rotation": {"angle": 0, "axis": "y", "origin": [10, 12, 7]},
			"faces": {
				"north": {"uv": [9.5, 9, 10.5, 9.5], "texture": "#0"},
				"east": {"uv": [6.5, 10.5, 7, 11], "texture": "#0"},
				"south": {"uv": [9.5, 9, 10.5, 9.5], "texture": "#0"},
				"west": {"uv": [7, 10.5, 7.5, 11], "texture": "#0"},
				"up": {"uv": [1, 10.5, 0, 10], "texture": "#0"},
				"down": {"uv": [2, 10, 1, 10.5], "texture": "#0"}
			}
		},
		{
			"from": [5, 7, 7],
			"to": [12, 8, 8],
			"rotation": {"angle": 0, "axis": "y", "origin": [7, 7, 7]},
			"faces": {
				"north": {"uv": [8, 5.5, 11.5, 6], "texture": "#0"},
				"east": {"uv": [9.5, 10, 10, 10.5], "texture": "#0"},
				"south": {"uv": [8, 5.5, 11.5, 6], "texture": "#0"},
				"west": {"uv": [10, 9.5, 10.5, 10], "texture": "#0"},
				"up": {"uv": [11.5, 6.5, 8, 6], "texture": "#0"},
				"down": {"uv": [11.5, 6.5, 8, 7], "texture": "#0"}
			}
		},
		{
			"from": [5, 8, 7],
			"to": [13, 9, 8],
			"rotation": {"angle": 0, "axis": "y", "origin": [7, 8, 7]},
			"faces": {
				"north": {"uv": [0, 7.5, 4, 8], "texture": "#0"},
				"east": {"uv": [10, 10, 10.5, 10.5], "texture": "#0"},
				"south": {"uv": [0, 7.5, 4, 8], "texture": "#0"},
				"west": {"uv": [0, 10.5, 0.5, 11], "texture": "#0"},
				"up": {"uv": [4, 8.5, 0, 8], "texture": "#0"},
				"down": {"uv": [8, 8, 4, 8.5], "texture": "#0"}
			}
		},
		{
			"from": [3, 3, 7],
			"to": [6, 4, 8],
			"rotation": {"angle": 0, "axis": "y", "origin": [5, 3, 7]},
			"faces": {
				"north": {"uv": [0.5, 9, 2, 9.5], "texture": "#0"},
				"east": {"uv": [7, 10, 7.5, 10.5], "texture": "#0"},
				"south": {"uv": [2, 8.5, 3.5, 9], "texture": "#0"},
				"west": {"uv": [10, 7, 10.5, 7.5], "texture": "#0"},
				"up": {"uv": [5, 9, 3.5, 8.5], "texture": "#0"},
				"down": {"uv": [6.5, 8.5, 5, 9], "texture": "#0"}
			}
		},
		{
			"from": [11, 3, 7],
			"to": [14, 4, 8],
			"rotation": {"angle": 0, "axis": "y", "origin": [13, 3, 7]},
			"faces": {
				"north": {"uv": [6.5, 9, 8, 9.5], "texture": "#0"},
				"east": {"uv": [8, 10, 8.5, 10.5], "texture": "#0"},
				"south": {"uv": [8.5, 7, 10, 7.5], "texture": "#0"},
				"west": {"uv": [10, 8, 10.5, 8.5], "texture": "#0"},
				"up": {"uv": [10, 8, 8.5, 7.5], "texture": "#0"},
				"down": {"uv": [9.5, 8.5, 8, 9], "texture": "#0"}
			}
		}
	],
	"display": {
		"thirdperson_righthand": {
			"rotation": [32, -7, 0],
			"translation": [0.5, 1.5, 1.75],
			"scale": [0.4, 0.4, 0.4]
		},
		"thirdperson_lefthand": {
			"rotation": [32, -7, 0],
			"translation": [0.5, 1.5, 1.75],
			"scale": [0.4, 0.4, 0.4]
		},
		"firstperson_righthand": {
			"rotation": [-10.45, -13.9, 0.99],
			"translation": [-0.25, 1.25, 1.75],
			"scale": [0.4, 0.4, 0.4]
		},
		"firstperson_lefthand": {
			"rotation": [-10.45, -13.9, 0.99],
			"translation": [-0.25, 1.25, 1.75],
			"scale": [0.4, 0.4, 0.4]
		},
		"ground": {
			"rotation": [0, 0, 7],
			"translation": [0, 2.5, 0],
			"scale": [0.6, 0.6, 0.6]
		},
		"head": {
			"translation": [0, -2.25, 0]
		}
	}
}