{
  "model": {
    "type": "minecraft:range_dispatch",
    "property": "minecraft:custom_model_data",
    "entries": [
      {
        "threshold": 1,
        "model": {
          "type": "minecraft:model",
          "model": "minecraft:item/newbeginnings"
        }
      },
      {
        "threshold": 2,
        "model": {
          "type": "minecraft:model",
          "model": "minecraft:item/traeumer"
        }
      },
      {
        "threshold": 3,
        "model": {
          "type": "minecraft:model",
          "model": "minecraft:item/electric_serenade"
        }
      },
      {
        "threshold": 4,
        "model": {
          "type": "minecraft:model",
          "model": "minecraft:item/electric_symphony"
        }
      },
      {
        "threshold": 5,
        "model": {
          "type": "minecraft:model",
          "model": "minecraft:item/into_the_storm"
        }
      },
      {
        "threshold": 6,
        "model": {
          "type": "minecraft:model",
          "model": "minecraft:item/neon_reverie"
        }
      }
    ],
    "fallback": {
      "type": "minecraft:model",
      "model": "minecraft:item/music_disc_cat"
    }
  }
}
