{
  "model": {
    "type": "minecraft:range_dispatch",
    "property": "minecraft:custom_model_data",
    "entries": [
      {
        "threshold": 1,
        "model": {
          "type": "minecraft:model",
          "model": "minecraft:item/newbeginnings"
        }
      },
      {
        "threshold": 1,
        "model": {
          "type": "minecraft:model",
          "model": "minecraft:item/traeumer"
        }
      }
    ],
    "fallback": {
      "type": "minecraft:model",
      "model": "minecraft:item/music_disc_13"
    }
  }
}
