{
  "model": {
    "type": "minecraft:range_dispatch",
    "property": "minecraft:custom_model_data",
    "entries": [
      {
        "threshold": 1,
        "model": {
          "type": "minecraft:model",
          "model": "minecraft:item/herzstein_der_erde"
        }
      },
      {
        "threshold": 2,
        "model": {
          "type": "minecraft:model",
          "model": "minecraft:item/sturmhauch_der_freiheit"
        }
      },
      {
        "threshold": 3,
        "model": {
          "type": "minecraft:model",
          "model": "minecraft:item/traene_der_tiefe"
        }
      },
      {
        "threshold": 4,
        "model": {
          "type": "minecraft:model",
          "model": "minecraft:item/flamme_der_leidenschaft"
        }
      },
      {
        "threshold": 5,
        "model": {
          "type": "minecraft:model",
          "model": "minecraft:item/schattenresonanz"
        }
      },
      {
        "threshold": 6,
        "model": {
          "type": "minecraft:model",
          "model": "minecraft:item/buch_voller_lieder"
        }
      },
	  {
        "threshold": 7,
        "model": {
          "type": "minecraft:model",
          "model": "minecraft:item/mystischer_stein"
        }
      },
	  {
        "threshold": 8,
        "model": {
          "type": "minecraft:model",
          "model": "minecraft:item/schimmerndes_fragment"
        }
      },
	  {
        "threshold": 9,
        "model": {
          "type": "minecraft:model",
          "model": "minecraft:item/bau_orden"
        }
      },
      {
        "threshold": 10,
        "model": {
          "type": "minecraft:model",
          "model": "minecraft:item/ban_hammer"
        }
      },
	  {
        "threshold": 11,
        "model": {
          "type": "minecraft:model",
          "model": "minecraft:item/schlusselkarte"
        }
      },
      {
        "threshold": 12,
        "model": {
          "type": "minecraft:model",
          "model": "minecraft:item/mystischerschlussel"
        }
      },
      {
        "threshold": 13,
        "model": {
          "type": "minecraft:model",
          "model": "minecraft:item/questpruefer_medaille"
        }
      },
      {
        "threshold": 14,
        "model": {
          "type": "minecraft:model",
          "model": "minecraft:item/liora"
        }
      },
      {
        "threshold": 15,
        "model": {
          "type": "minecraft:model",
          "model": "minecraft:item/steinhauer"
        }
      },
      {
        "threshold": 16,
        "model": {
          "type": "minecraft:model",
          "model": "minecraft:item/heiliger_schlüssel"
        }
      }
    ],
    "fallback": {
      "type": "minecraft:model",
      "model": "minecraft:item/stick"
    }
  }
}
